act_id,act_name,section_name,act_issue_flag
1,I.P.C.,376,0
2,I.P.C.,506,0
3,POCSO Act,4,0
4,I.P.C.,363,0
5,I.P.C.,366 A,0
6,POCSO Act,6,0
7,POCSO Act,21,0
8,I.P.C.,377,0
9,I.P.C.,34,0
10,I.P.C.,354 B,0
11,I.P.C.,354 A,0
12,I.P.C.,354 D,0
13,I.P.C.,452,0
14,POCSO Act,8,0
15,POCSO Act,12,0
16,I.P.C.,354 A,0
17,I.P.C.,354 B,0
18,I.P.C.,376 D,0
19,I.P.C.,384,0
20,I.P.C.,354,0
21,I.P.C.,294,0
22,I.P.C.,342,0
23,I.P.C.,376(2)(n),0
24,I.P.C.,225,0
25,I.P.C.,180,0
26,I.P.C.,313,0
27,I.P.C.,376,0
28,I.P.C.,506,0
29,I.P.C.,363,0
30,I.P.C.,366 A,0
31,I.P.C.,511,0
32,I.P.C.,120 B,0
33,I.P.C.,343,0
34,I.P.C.,365,0
35,I.P.C.,328,0
36,I.P.C.,120 B,0
37,I.P.C.,201,0
38,I.P.C.,354 C,0
39,I.P.C.,341,0
40,SC/ST Act ,3,1
41,POCSO Act,11(iv),0
42,SC/ST Act ,3,1
43,I.P.C.,354 A,0
45,I.P.C.,323,0
46,I.P.C.,325,0
47,I.P.C.,354,0
48,I.P.C.,451,0
49,POCSO Act,18,0
50,I.P.C.,457,0
51,I.P.C.,511,0
52,I.P.C.,406,0
53,"SC/ST Amendment Act, 2015",3(1)(w),0
54,SC/ST Act ,2w,1
55,I.P.C.,452,0
56,I.P.C.,362,0
57,I.P.C.,450,0
58,I.P.C.,376(2)(d),0
59,POCSO Act,3,0
60,POCSO Act,10,0
61,I.P.C.,419,0
62,Information Technology Act,67,0
63,I.P.C.,366,0
64,I.P.C.,376 A,0
65,I.P.C.,376 D,0
67,I.P.C.,366 A/376 D,0
68,I.P.C.,354 A(1),0
69,I.P.C.,366 A,0
70,I.P.C.,120 B,0
71,"SC/ST Amendment Act, 2015",3(2)(va),0
72,I.P.C.,238,0
73,I.P.C.,324,0
74,I.P.C.,216,0
75,I.P.C.,509,0
78,I.P.C.,379 A,0
79,I.P.C.,354 B,0
80,I.P.C.,354 D,0
81,POCSO Act,14(4),0
82,PCMA,9,0
83,PCMA,10,0
84,PCMA,11,0
85,I.P.C.,468 A,0
86,SC/ST Act ,---,1
89,I.P.C.,376(2)(d),0
90,Information Technology Act,67 A,0
95,I.P.C.,376(2)(n),0
96,I.P.C.,376(3),0
97,I.P.C.,366 A/365,0
98,I.P.C.,376 AB,0
99,I.P.C.,498 A,0
100,I.P.C.,376F,0
101,I.P.C.,323,0
103,I.P.C.,313,0
105,POCSO Act,3(2)(v),1
106,I.P.C.,336,0
107,I.P.C.,323/354 B,0
108,I.P.C.,506,0
109,I.P.C.,34/354,0
110,I.P.C.,354 A(1),0
111,I.P.C.,344,0
112,I.P.C.,368,0
113,I.P.C.,376 DA,0
116,I.P.C.,354 D,0
117,I.P.C.,376(2)(n),0
118,POCSO Act,5,0
122,POCSO Act,3(2)(V),1
123,POCSO Act,3(1)(W),1
124,I.P.C.,494,0
125,I.P.C.,454,0
126,I.P.C.,366 A,0
127,I.P.C.,354 A(1),0
128,I.P.C.,212,0
130,SC/ST Act ,3,1
132,POCSO Act,4,0
133,POCSO Act,12,0
134,I.P.C.,506,0
135,I.P.C.,34,0
136,POCSO Act,6,0
137,SC/ST Act ,3(1),1
139,POCSO Act,3,0
140,"SC/ST Act, 1989",3(1)(xii),0
141,POCSO Act,8,0
144,I.P.C.,457,0
145,POCSO Act,4,0
146,POCSO Act,11,0
147,I.P.C.,363,0
148,I.P.C.,366A,0
149,I.P.C.,376,0
150,I.P.C.,452,0
151,I.P.C.,148,0
152,I.P.C.,149,0
153,I.P.C.,447,0
154,I.P.C.,427,0
155,POCSO Act,4,0
157,I.P.C.,323,0
158,I.P.C.,342,0
160,I.P.C.,354 D,0
161,POCSO Act,12,0
162,"SC/ST Act, 1989",3(1)(xii),0
163,I.P.C.,467,0
164,I.P.C.,468,0
165,I.P.C.,471,0
166,POCSO Act,18,0
168,"SC/ST Act, 1989",3(1)(xi),0
169,"SC/ST Act, 1989",3(1)(xii),0
170,SC/ST Act ,3,1
171,I.P.C.,354 A,0
172,I.P.C.,336 A,0
173,"SC/ST Act, 1989",3(2)(v),0
175,I.P.C.,354,0
176,I.P.C.,323,0
177,I.P.C.,506,0
178,POCSO Act,10,0
179,POCSO Act,9(m),0
180,"JJ Act, 2000",23,0
181,"SC/ST Amendment Act, 2015",3(1)(r),0
183,I.P.C.,120 B,0
184,SC/ST Act ,SC,1
185,SC/ST Act ,STACT,1
186,I.P.C.,354,0
187,I.P.C.,354 A,0
188,POCSO Act,8,0
193,POCSO Act,12,0
194,I.P.C.,506,0
195,POCSO Act,3-1 (xii),1
196,POCSO Act,4,0
197,"SC/ST Act, 1989",3(1)(xii),0
198,SC/ST Act ,2(5),1
199,SC/ST Act ,SC/STACT1989,1
200,I.P.C.,34,0
201,I.P.C.,354 B,0
203,I.P.C.,365,0
204,I.P.C.,120 B,0
208,I.P.C.,323,0
209,POCSO Act,SC,1
210,POCSO Act,STACT,1
211,SC/ST Act ,5,1
212,I.P.C.,364,0
213,I.P.C.,120 B,0
214,I.P.C.,307,0
215,POCSO Act,5,0
216,POCSO Act,6,0
217,I.P.C.,345,0
222,I.P.C.,341,0
223,POCSO Act,12,0
224,POCSO Act,ACT,1
225,"SC/ST Act, 1989",3(2)(v),0
227,I.P.C.,366,0
228,I.P.C.,328,0
229,I.P.C.,120 B,0
230,POCSO Act,u,1
231,POCSO Act,4,0
232,SC/ST Act ,u,1
233,SC/ST Act ,3,1
234,"SC/ST Act, 1989",3(1)(xi),0
235,POCSO Act,12,0
239,POCSO Act,5(m),0
240,SC/ST Act ,3(1),1
241,I.P.C.,363 A,0
242,POCSO Act,17,0
243,POCSO Act,4,0
244,POCSO Act,8,0
245,I.P.C.,370,0
246,I.P.C.,372,0
247,I.P.C.,373,0
248,POCSO Act,10,0
249,POCSO Act,6,0
250,SC/ST Act ,3,1
251,POCSO Act,8,0
252,POCSO Act,4,0
253,POCSO Act,12,0
254,I.P.C.,302,0
255,I.P.C.,363,0
256,I.P.C.,420,0
257,POCSO Act,6,0
259,I.P.C.,367,0
260,POCSO Act,11,0
261,POCSO Act,12,0
262,I.P.C.,326,0
264,SC/ST Act ,33,1
265,SC/ST Act ,89,1
266,I.P.C.,379,0
267,POCSO Act,11,0
268,Arms Act,25,0
269,Arms Act,54,1
270,Arms Act,59,1
271,I.P.C.,346,0
272,POCSO Act,10,0
274,POCSO Act,16,0
277,SC/ST Act ,3,1
278,SC/ST Act ,33,1
279,SC/ST Act ,89,1
280,I.P.C.,354 A(2),0
281,POCSO Act,7,0
282,I.P.C.,120,0
286,I.P.C.,354 A,0
287,I.P.C.,354 D,0
288,I.P.C.,211,0
290,I.P.C.,342,0
291,I.P.C.,376D,0
292,I.P.C.,380,0
293,POCSO Act,4,0
294,Information Technology Act,67,0
296,I.P.C.,307,0
298,I.P.C.,376 A,0
302,POCSO Act,17,0
303,I.P.C.,193,0
304,I.P.C.,195,0
307,I.P.C.,376 D,0
308,POCSO Act,3,0
310,I.P.C.,363/376 D,0
311,POCSO Act,17,0
314,SC/ST Act ,3(2),1
317,I.P.C.,354 A(2),0
320,I.P.C.,366 A,0
321,Motor Vehicles Act,192,0
322,Motor Vehicles Act,181,0
324,I.P.C.,45,0
325,I.P.C.,174 A,0
327,POCSO Act,15,0
328,I.P.C.,376 D,0
329,POCSO Act,6,0
330,POCSO Act,8,0
331,I.P.C.,376(2),0
332,POCSO Act,4,0
333,I.P.C.,376,0
335,I.P.C.,346,0
336,I.P.C.,366,0
337,I.P.C.,190,0
338,I.P.C.,354 B,0
339,I.P.C.,377,0
340,I.P.C.,511,0
341,I.P.C.,294,0
342,POCSO Act,10,0
344,POCSO Act,12,0
345,I.P.C.,328,0
346,I.P.C.,341,0
347,I.P.C.,354 D,0
348,I.P.C.,506/34,0
349,I.P.C.,354 A,0
350,I.P.C.,376 B,0
351,I.P.C.,376(2),0
353,POCSO Act,3,0
354,I.P.C.,325,0
355,I.P.C.,324,0
356,I.P.C.,451,0
357,I.P.C.,363/366 A,0
358,I.P.C.,302,0
359,I.P.C.,376 A,0
360,I.P.C.,148,0
361,I.P.C.,149,0
362,I.P.C.,368,0
363,I.P.C.,120,0
364,I.P.C.,354 A,0
365,I.P.C.,379,0
366,I.P.C.,120 B,0
367,POCSO Act,---,1
368,POCSO Act,18,0
369,POCSO Act,21,0
370,I.P.C.,376(3),0
371,Information Technology Act,67 A,0
375,"JJ Act, 2015",75,0
377,I.P.C.,384,0
378,I.P.C.,201,0
379,SC/ST Act ,3(2),1
380,I.P.C.,309,0
387,POCSO Act,14(2),0
388,"SC/ST Amendment Act, 2015",3(1)(e),0
389,"SC/ST Amendment Act, 2015",3(2)(va),0
390,Information Technology Act,66 A,0
391,Information Technology Act,66 E,0
392,Information Technology Act,67 B,0
394,I.P.C.,376 DA,0
395,I.P.C.,376 A,0
396,POCSO Act,6,0
397,I.P.C.,376 AB ,0
400,POCSO Act,12,0
402,I.P.C.,376(2)(1),0
403,I.P.C.,455,0
404,I.P.C.,344,0
405,I.P.C.,376 B,0
406,I.P.C.,120 B,0
407,I.P.C.,376/506,0
408,I.P.C.,363 A (1),0
409,I.P.C.,366 A,0
410,I.P.C.,366 A,0
414,I.P.C.,354 D,0
415,POCSO Act,12,0
416,I.P.C.,376 C,0
417,I.P.C.,341/506,0
418,I.P.C.,376 D,0
419,I.P.C.,42,0
420,I.P.C.,366 A,0
422,I.P.C.,354 A(1)(i),0
423,I.P.C.,D,1
424,I.P.C.,202,0
426,I.P.C.,427,0
432,I.P.C.,457,0
433,POCSO Act,16,0
434,POCSO Act,14,0
435,Information Technology Act,66 E,0
440,I.P.C.,376(2)(g),0
442,POCSO Act,17,0
443,I.P.C.,354/452,0
444,I.P.C.,509,0
446,I.P.C.,323/354 D,0
448,I.P.C.,506,0
450,I.P.C.,420,0
451,I.P.C.,467,0
452,I.P.C.,468,0
453,I.P.C.,471,0
458,POCSO Act,11,0
459,I.P.C.,376 AB,0
462,I.P.C.,364,0
465,I.P.C.,354 A(1),0
466,I.P.C.,376 D,0
468,I.P.C.,452/354 A,0
471,I.P.C.,354 D,0
473,I.P.C.,376/346,0
476,POCSO Act,7,0
477,I.P.C.,376(2)(n),0
479,I.P.C.,120B,0
480,I.P.C.,34,0
482,POCSO Act,9,0
483,I.P.C.,-3,1
485,SC/ST Act ,4,1
486,I.P.C.,411,0
488,I.P.C.,376(c),0
489,POCSO Act,9(a),0
490,POCSO Act,9(m),0
496,I.P.C.,354 A(1),0
497,I.P.C.,376 D,0
498,I.P.C.,366 A,0
500,I.P.C.,394,0
502,I.P.C.,3636,1
503,I.P.C.,376 D/506,0
504,I.P.C.,376(2)(n),0
509,I.P.C.,32,0
518,I.P.C.,305,0
521,I.P.C.,365,0
525,I.P.C.,354 A/506,0
528,POCSO Act,5,0
529,I.P.C.,452,0
530,I.P.C.,506,0
531,I.P.C.,312,0
532,POCSO Act,15,0
533,I.P.C.,376,0
534,I.P.C., 366 A,0
537,I.P.C.,354,0
538,I.P.C.,452,0
540,I.P.C.,504,0
542,I.P.C.,365,0
543,POCSO Act,12,0
544,"SC/ST Act, 1989",3(1)(xi),0
548,POCSO Act,11(ii),0
553,I.P.C.,323,0
554,I.P.C.,366A,0
555,I.P.C.,306,0
557,I.P.C.,201,0
561,I.P.C.,376(2)(f),0
565,I.P.C.,306,0
567,I.P.C.,506,0
572,POCSO Act,21(1),0
573,I.P.C.,506,0
574,I.P.C. & POCSO Act,354; 10,0
579,POCSO Act,11(iv),0
582,POCSO Act,20,0
586,I.P.C.,509,0
589,"JJ Act, 2015",77,0
593,I.P.C.,370(2),0
596,POCSO Act,363,0
598,Medical Termination of Pregnancy Act,3,0
599,Medical Termination of Pregnancy Act,45,1
600,POCSO Act,4,0
602,POCSO Act,4,0
603,I.P.C., 370(2),0
604,I.P.C., 370(3),0
605,I.P.C.,201,0
607,POCSO Act,14,0
608,POCSO Act,3A1,1
609,I.P.C.,354 A(1),0
612,"SC/ST Act, 1989",3(1)(xi)/3(1)(xii),0
613,POCSO Act,4,0
615,Medical Termination of Pregnancy Act,5,0
620,I.P.C.,109,0
623,I.P.C.,112,0
625,I.P.C.,114,0
628,I.P.C.,289,0
629,I.P.C.,326 A,0
633,POCSO Act,8,0
634,I.P.C., 366 A,0
635,I.P.C.,377,0
638,I.P.C.,341,0
639,I.P.C.,34,0
644,I.P.C.,376 D,0
647,"SC/ST Act, 1989",3(2)(v),0
648,I.P.C.,IPC,1
651,I.P.C.,120 B,0
653,"SC/ST Amendment Act, 2015",3(1)(w)(i),0
656,I.P.C.,450,0
657,POCSO Act,POCSOAct,1
658,SC/ST Act ,ATAct,1
660,SC/ST Act ,SC/ST,1
662,"SC/ST Act, 1989",3(2)(v),0
663,I.P.C.,366 A,0
664,POCSO Act,4,0
666,I.P.C.,376(2)(i),0
667,I.P.C.,376(2)(j),0
668,I.P.C.,376(2)(l),0
669,POCSO Act,6,0
672,POCSO Act,10,0
673,POCSO Act,4,0
674,I.P.C.,370 A,0
675,POCSO Act,5(e),0
678,I.P.C. & POCSO Act ,34; 4,0
679,I.P.C.,376 B,0
681,I.P.C.,353,0
682,I.P.C.,471,0
683,POCSO Act,32,1
684,I.P.C.,381,0
685,I.P.C.,354,0
688,I.P.C.,109,0
691,I.P.C. & SC/ST Act,506,0
692,I.P.C.,306,0
693,"SC/ST Act, 1989",3(2)(v),0
694,"SC/ST Amendment Act, 2015",3(1)(w),0
695,I.P.C.,342,0
696,I.P.C.,212,0
697,"SC/ST Act, 1989",3(2)(iv),0
698,I.P.C.,366,0
700,I.P.C.,147,0
701,POCSO Act,8,0
702,"SC/ST Amendment Act, 2015",3(1)(s),0
703,SC/ST Act ,(w),1
704,SC/ST Act ,(v),1
706,POCSO Act,POCSO,1
708,"SC/ST Act, 1989",3(2)(v),0
715,"SC/ST Amendment Act, 2015",3(1)(w),0
718,SC/ST Act ,392V,1
719,I.P.C.,451,0
720,I.P.C.,323,0
728,I.P.C.,354 D,0
731,I.P.C.,341,0
732,POCSO Act,6,0
734,I.P.C.,354 C,0
735,I.P.C.,452,0
739,I.P.C.,376(2)(1),0
740,I.P.C.,36,0
741,"SC/ST Amendment Act, 2015",3(1)(r),0
742,I.P.C.,376 D,0
745,POCSO Act,10,0
746,I.P.C.,411,0
750,POCSO Act,6/12,0
753,I.P.C.,323,0
754,I.P.C.,452,0
755,I.P.C.,365,0
756,I.P.C.,376,0
757,I.P.C.,511,0
759,POCSO Act,16,0
766,I.P.C.,498,0
767,I.P.C.,379 AB,1
768,I.P.C.,328,0
769,I.P.C.,506,0
773,SC/ST Act ,5,1
774,I.P.C.,116,0
775,I.P.C.,376,0
777,I.P.C. & POCSO Act,120 B;3/4,0
778,SC/ST Act ,3XII,1
779,I.P.C.,323,0
781,I.P.C.,354,0
782,I.P.C.,452,0
783,I.P.C.,506,0
784,POCSO Act,9/10,0
785,I.P.C. & POCSO Act,366 A; 4,0
786,I.P.C.,366,0
787,POCSO Act,10,0
789,I.P.C.,376(2)(f),0
790,I.P.C. & POCSO Act,506; 6,0
791,I.P.C.,366 A,0
792,I.P.C.,120 B,0
794,I.P.C.,120 B,0
795,POCSO Act,14,0
796,POCSO Act,15,0
799,POCSO Act,6,0
801,I.P.C.,54,0
803,I.P.C.,366,0
804,I.P.C.,342,0
806,I.P.C.,363,0
807,I.P.C.,366 A,0
808,SC/ST Act ,ST,1
809,"SC/ST Amendment Act, 2015",3(1)(r)/3(1)(s),0
810,"SC/ST Amendment Act, 2015",3(2)(va),0
811,POCSO Act,8,0
812,I.P.C.,366 A,0
815,POCSO Act,8,0
816,I.P.C.,376 A,0
817,I.P.C.,276 B,0
820,POCSO Act,6,0
821,POCSO Act,8,0
822,I.P.C.,354,0
823,POCSO Act,12,0
824,ITPA,3,0
825,ITPA,4,0
826,ITPA,5,0
827,ITPA,6,0
829,I.P.C. & POCSO Act,366; 6,0
832,POCSO Act,12,0
833,I.P.C.,506,0
834,Information Technology Act,67 A,0
835,POCSO Act,8,0
836,I.P.C.,370(1),0
837,"SC/ST Amendment Act, 2015",3(w)(i),0
844,I.P.C.,8,0
845,I.P.C.,376,0
846,POCSO Act,4,0
847,POCSO Act,10,0
850,POCSO Act,12,0
851,I.P.C.,376(3),0
870,I.P.C.,377,0
871,I.P.C.,A,1
875,POCSO Act,10,0
876,POCSO Act,6,0
877,POCSO Act,8,0
878,POCSO Act,12,0
879,POCSO Act,4,0
881,I.P.C.,397,0
882,POCSO Act,18,0
883,POCSO Act,4,0
884,POCSO Act,4,0
885,I.P.C.,34,0
886,POCSO Act,6,0
887,I.P.C.,450,0
888,SC/ST Act ,33,1
889,SC/ST Act ,89,1
890,I.P.C.,342,0
891,POCSO Act,14,0
892,I.P.C.,341,0
893,I.P.C.,509,0
896,SC/ST Act ,33,1
897,SC/ST Act ,89,1
899,I.P.C.,328,0
900,I.P.C.,354 A,0
903,I.P.C.,377,0
904,I.P.C.,366,0
905,I.P.C.,348,0
907,POCSO Act,17,0
908,I.P.C.,279,0
909,I.P.C.,337,0
910,I.P.C.,376 A,0
911,"SC/ST Act, 1989",3(1)(xii),0
912,POCSO Act,4,0
913,I.P.C.,354,0
915,I.P.C.,376 D,0
917,POCSO Act,3,0
920,I.P.C.,D,1
921,POCSO Act,---,1
923,I.P.C.,363,0
924,I.P.C.,366 A,0
926,I.P.C.,338,0
927,POCSO Act,6,0
931,I.P.C.,384,0
932,POCSO Act,20,0
933,POCSO Act,2,0
935,I.P.C.,365,0
936,SC/ST Act ,3,1
937,I.P.C.,346,0
938,SC/ST Act ,3,1
939,I.P.C.,420,0
941,I.P.C.,471,0
942,I.P.C.,376(2)(f),0
948,I.P.C.,120 B,0
951,POCSO Act,8,0
952,I.P.C.,195 A,0
953,I.P.C.,201,0
956,I.P.C.,376 C,0
958,I.P.C.,304,0
959,Motor Vehicles Act,39,0
960,"JJ Act, 2015",79,0
961,I.P.C.,147,0
963,I.P.C.,149,0
965,I.P.C.,120 B,0
967,I.P.C.,366,0
968,I.P.C.,451,0
970,I.P.C.,8,0
971,I.P.C.,18,0
972,SC/ST Act ,13,1
973,I.P.C.,356,0
974,I.P.C.,376(2)(n),0
978,Information Technology Act,66 E,0
985,I.P.C.,349,0
989,I.P.C.,351,0
990,POCSO Act,5,0
992,I.P.C.,506,0
993,I.P.C.,B,1
995,I.P.C.,63,1
996,I.P.C.,217,0
997,I.P.C.,376,0
998,I.P.C.,343,0
999,I.P.C.,211,0
1000,I.P.C. & POCSO Act,34; 4,0
1006,I.P.C.,344,0
1007,I.P.C.,546,0
1008,POCSO Act,10,0
1014,"SC/ST Act, 1989",3(1)(xii),0
1015,SC/ST Act ,69,1
1024,"SC/ST Act, 1989",3(1)(xii),0
1027,POCSO Act,4,0
1028,POCSO Act,13,0
1030,I.P.C.,317,0
1032,I.P.C.,364 A,0
1033,I.P.C.,465,0
1036,I.P.C.,376 AB,0
1043,POCSO Act,6,0
1044,I.P.C.,636,0
1045,Bonded Labour System (Abolition) Act,16,0
1046,Bonded Labour System (Abolition) Act,17,0
1047,Bonded Labour System (Abolition) Act,18,0
1048,SC/ST Act ,3,1
1052,I.P.C.,188,0
1053,POCSO Act,4,0
1054,I.P.C.,363 D,0
1055,I.P.C.,511,0
1059,POCSO Act,16,0
1060,POCSO Act,16,0
1061,I.P.C.,276,0
1063,I.P.C.,6,0
1064,POCSO Act,6(3),1
1065,Motor Vehicles Act,3,0
1067,POCSO Act,6/10/12/18,0
1068,I.P.C.,(i),1
1071,SC/ST Act ,3,1
1072,I.P.C.,(I),1
1073,I.P.C.,263,0
1074,I.P.C.,500,0
1075,I.P.C.,6,0
1076,I.P.C.,376 C,0
1080,POCSO Act,4,0
1084,I.P.C.,485,0
1090,I.P.C.,311,0
1094,POCSO Act,10,0
1096,POCSO Act,12,0
1097,POCSO Act,6,0
1098,POCSO Act,18,0
1099,POCSO Act,8,0
1100,I.P.C.,376(1),0
1102,POCSO Act,4,0
1103,I.P.C.,376(2)(I),0
1104,POCSO Act,3,0
1106,POCSO Act,---,1
1108,I.P.C.,376 AB,0
1111,I.P.C.,376,0
1112,POCSO Act,17,0
1113,I.P.C.,314,0
1114,I.P.C.,376 E,0
1115,POCSO Act,7,0
1117,I.P.C.,370(5),0
1118,POCSO Act,9,0
1119,POCSO Act,10(i),0
1128,I.P.C.,354,0
1129,I.P.C.,354 A,0
1134,I.P.C.,12,0
1137,I.P.C.,376(2)(n),0
1138,I.P.C.,379 B,0
1139,I.P.C.,327,0
1142,I.P.C.,376 B,0
1148,I.P.C.,376(2)(1),0
1149,I.P.C.,354 A(2),0
1150,I.P.C.,376 F,0
1151,POCSO Act,21,0
1152,I.P.C.,376 F,0
1153,I.P.C.,309,0
1154,I.P.C.,376(2)(g),0
1156,I.P.C.,354 A (1),0
1157,I.P.C.,1,1
1159,I.P.C.,354(1),0
1160,"SC/ST Amendment Act, 2015",3(1)(i),0
1161,I.P.C.,382,0
1162,I.P.C.,411,0
1163,I.P.C.,354 C,0
1164,I.P.C.,204,0
1169,PCMA,9/10,0
1170,POCSO Act,451,0
1171,I.P.C.,506,0
1174,I.P.C.,376(2)(f),0
1176,POCSO Act,32,0
1177,POCSO Act,5,0
1178,I.P.C.,374,0
1179,"SC/ST Amendment Act, 2015",3(1)(w)/3(2)(v),0
1185,I.P.C.,376(2)(n),0
1192,I.P.C.,376(1),0
1200,I.P.C.,458,0
1207,"SC/ST Amendment Act, 2015",3(1)(I),0
1208,"SC/ST Act, 1989",3(2)(iv),0
1210,Information Technology Act,67 A,0
1212,I.P.C.,370(5)/376(2)(n),0
1213,"SC/ST Act, 1989",3(2)(v),0
1214,I.P.C.,376 A(3),0
1215,I.P.C.,376(2)(n),0
1219,I.P.C.,376(2)(i),0
1223,I.P.C.,436,0
1225,I.P.C.,186,0
1227,"SC/ST Amendment Act, 2015",3(1)(w)(i),0
1228,I.P.C.,376 C,0
1229,I.P.C.,376(1),0
1232,I.P.C.,34/363/366 A,0
1236,"SC/ST Amendment Act, 2015",3(1)(w)(ii),0
1238,POCSO Act,452,0
1242,I.P.C.,376(2)(i),0
1262,I.P.C.,376(2),0
1263,I.P.C.,n),1
1264,I.P.C.,376(2)(f),0
1265,I.P.C.,354 A(1),0
1269,I.P.C.,450,0
1270,I.P.C.,376(1),0
1272,I.P.C.,354 D(1)(i),0
1274,I.P.C.,376(2)(n),0
1275,I.P.C.,376(2)(n),0
1276,PCMA,9,0
1277,PCMA,11,0
1278,I.P.C.,343,0
1279,I.P.C.,I,1
1282,I.P.C.,N),1
1284,I.P.C.,376(2)(i),0
1285,PCMA,9,0
1287,"SC/ST Act, 1989",3(2)(vii),0
1288,I.P.C.,354 A,0
1289,I.P.C.,1,1
1290,I.P.C.,i),1
1292,I.P.C.,312,0
1293,I.P.C.,354(1)(i),0
1296,I.P.C.,216,0
1298,I.P.C.,354 D(1)(i),0
1301,I.P.C.,354 D,0
1303,I.P.C.,376(2)(n)/376(3),0
1304,I.P.C.,376(3)(i),0
1305,SC/ST Act ,3(1),1
1308,I.P.C.,354 A(1)(ii),0
1309,I.P.C.,354 A(iv),0
1317,"JJ Act, 2015",82,0
1318,"SC/ST Amendment Act, 2015",3(1)(w)(i),0
1319,I.P.C.,376(2)(f),0
1320,I.P.C.,j),1
1321,I.P.C.,376(2)(f),0
1325,I.P.C.,354 A(2),0
1328,I.P.C.,376(2),0
1330,I.P.C.,-1,1
1332,"SC/ST Amendment Act, 2015",3(1)(w)(i),0
1334,I.P.C.,372,0
1336,I.P.C.,376(1)/363/366 A,0
1350,I.P.C.,392,0
1352,I.P.C.,354 B,0
1353,I.P.C.,f),1
1355,I.P.C.,376 D,0
1356,I.P.C.,A),1
1358,"SC/ST Act, 1989",3(2)(v),0
1361,I.P.C.,354 A(1)(i),0
1364,I.P.C.,376 A(1),0
1366,I.P.C.,376(2)(1)(3),0
1370,"SC/ST Act, 1989",3(2)(i),0
1371,I.P.C.,354 D(ii),0
1376,SC/ST Act ,W,1
1377,SC/ST Act ,i,1
1378,SC/ST Act ,ii),1
1384,I.P.C.,f,1
1385,I.P.C.,1),1
1386,I.P.C.,376(i),0
1387,I.P.C.,354(1),0
1388,I.P.C.,ii),1
1402,I.P.C.,376(1)A,1
1409,I.P.C.,354 D(1),0
1414,I.P.C.,354(I)(ii),1
1415,I.P.C.,376(2)(a),0
1425,I.P.C.,313,0
1427,SC/ST Act ,xii),1
1428,I.P.C.,376(2)(n),0
1430,I.P.C.,376(2)/376(3),0
1432,I.P.C.,376(11)(N),1
1434,I.P.C.,354 A(3),0
1435,"SC/ST Amendment Act, 2015",3(1)(x),0
1436,I.P.C.,376(2)(n),0
1437,I.P.C.,376(3),0
1454,I.P.C.,376(2)(n),0
1458,I.P.C.,354 A(1),0
1459,I.P.C.,212,0
1463,Information Technology Act,67 B,0
1464,I.P.C.,354 A(2),0
1465,SC/ST Act ,xi),1
1466,SC/ST Act ,3,1
1467,I.P.C.,376(1)(N),0
1469,I.P.C.,354 D(I),0
1470,I.P.C.,376(2)(k),0
1475,I.P.C.,354 A(1)(iv),0
1476,I.P.C.,354 A(2),0
1482,I.P.C.,376(1)(i),0
1487,I.P.C.,354 A (1),0
1491,I.P.C.,354 A(1)(c),0
1492,I.P.C.,195A,0
1494,I.P.C.,459,0
1495,I.P.C.,460,0
1496,I.P.C.,371,0
1500,I.P.C.,354 A,0
1501,I.P.C.,354 D,0
1502,POCSO Act,354 A,0
1503,POCSO Act,354 D,0
1505,I.P.C.,506,0
1511,POCSO Act,12,0
1514,POCSO Act,Pocso Act,1
1517,I.P.C.,363,0
1521,POCSO Act,4,0
1525,I.P.C.,498 A,0
1527,SC/ST Act ,3(2),1
1529,POCSO Act,6,0
1530,POCSO Act,12,0
1531,I.P.C.,354 A(1)(i),0
1532,I.P.C.,354 D(1)(ii),0
1533,POCSO Act,8,0
1534,POCSO Act,4,0
1535,POCSO Act,18,0
1536,I.P.C.,376 DA,0
1537,POCSO Act,6,0
1538,POCSO Act,17,0
1539,POCSO Act,21,0
1540,POCSO Act,10,0
1541,POCSO Act,15,0
1544,I.P.C.,354 A(1)(ii),0
1546,"SC/ST Amendment Act, 2015",3(1)(w)(i),0
1547,POCSO Act,10,0
1549,POCSO Act,8,0
1550,POCSO Act,6,0
1551,POCSO Act,377,0
1552,I.P.C.,376(2),0
1553,POCSO Act,4,0
1554,POCSO Act,12,0
1556,POCSO Act,4,0
1557,I.P.C.,452,0
1559,POCSO Act,7,0
1561,POCSO Act,8,0
1562,POCSO Act,506,0
1564,I.P.C.,366 A,0
1566,POCSO Act,10,0
1568,POCSO Act,18,0
1569,I.P.C.,377,0
1573,POCSO Act,12,0
1574,I.P.C.,328,0
1576,I.P.C.,376(2)(f)/376(3),0
1577,ITPA,4,0
1578,ITPA,5,0
1581,I.P.C.,354,0
1582,I.P.C.,376(2)(f),0
1584,POCSO Act,6,0
1585,SC/ST Act ,3,1
1586,POCSO Act,8,0
1587,I.P.C.,506,0
1594,POCSO Act,4,0
1595,POCSO Act,4,0
1596,"SC/ST Amendment Act, 2015",3(1)(w)(i),0
1597,"SC/ST Amendment Act, 2015",3(2)(va),0
1598,POCSO Act,---,1
1599,POCSO Act,10,0
1600,POCSO Act,8,0
1602,I.P.C.,2,1
1603,I.P.C.,n,1
1604,POCSO Act,4/6,0
1608,I.P.C.,376,0
1609,SC/ST Act ,3,1
1610,SC/ST Act ,ST,1
1612,POCSO Act,6,0
1614,ITPA,3,0
1615,ITPA,6,0
1616,"JJ Act, 2000",23,0
1617,"JJ Act, 2000",26,0
1618,I.P.C.,366 A,0
1622,I.P.C.,377,0
1623,I.P.C.,509,0
1624,POCSO Act,10,0
1625,POCSO Act,10,0
1632,I.P.C.,376 D,0
1633,I.P.C.,376 A,0
1634,I.P.C.,B) IPC,1
1635,I.P.C.,354 A,0
1636,I.P.C.,-1,1
1637,I.P.C.,366,0
1638,POCSO Act,12,0
1639,I.P.C.,363,0
1640,I.P.C.,366,0
1642,POCSO Act,14,0
1644,I.P.C.,376(2),0
1645,I.P.C.,209,0
1646,POCSO Act,9,0
1647,POCSO Act,11,0
1648,POCSO Act,3,0
1651,POCSO Act,17,0
1652,POCSO Act,4,0
1653,POCSO Act,14,0
1654,POCSO Act,12,0
1655,I.P.C.,452/506,0
1656,SC/ST Act ,3(2),1
1657,I.P.C.,363/366A,0
1658,POCSO Act,3,0
1659,POCSO Act,8,0
1660,POCSO Act,8/12,0
1661,POCSO Act,---,1
1663,POCSO Act,506,0
1664,I.P.C.,301,0
1665,POCSO Act,7,0
1666,POCSO Act,10,0
1667,POCSO Act,6/18,0
1668,I.P.C.,31,1
1669,POCSO Act,18,0
1671,POCSO Act,11,0
1673,POCSO Act,19,0
1677,POCSO Act,22(3),0
1679,POCSO Act,6,0
1680,POCSO Act,6,0
1681,I.P.C.,376 D,0
1683,POCSO Act,2,0
1684,I.P.C.,363,0
1687,POCSO Act,12,0
1688,POCSO Act,4,0
1689,POCSO Act,8,0
1690,POCSO Act,14(2),0
1693,POCSO Act,12,0
1694,POCSO Act,6,0
1695,POCSO Act,10,0
1696,POCSO Act,7,0
1697,POCSO Act,4,0
1698,POCSO Act,6,0
1699,Information Technology Act,67 C,0
1700,POCSO Act,9,0
1701,POCSO Act,---,1
1702,I.P.C.,173,0
1705,I.P.C.,354 A,0
1706,POCSO Act,4,0
1707,Information Technology Act,66 C,0
1713,SC/ST Act ,-2,1
1716,I.P.C.,318,0
1717,POCSO Act,6,0
1718,POCSO Act,11,0
1720,POCSO Act,11,0
1721,POCSO Act,12,0
1722,POCSO Act,18,0
1723,POCSO Act,8,0
1725,POCSO Act,14,0
1726,I.P.C.,354 A/354 B,0
1727,POCSO Act,---,1
1728,I.P.C.,216,0
1731,POCSO Act,16,0
1732,POCSO Act,3,0
1735,POCSO Act,7,0
1737,I.P.C.,190,0
1738,POCSO Act,12,0
1739,POCSO Act,5,0
1740,POCSO Act,6,0
1741,POCSO Act,4/6,0
1742,Information Technology Act,66 C,0
1744,POCSO Act,17,0
1745,POCSO Act,10,0
1748,I.P.C.,376(2)(n),0
1750,I.P.C.,294,0
1751,I.P.C.,427,0
1752,I.P.C.,509,0
1753,I.P.C.,366 A/376,0
1754,I.P.C.,354 A/506,0
1756,POCSO Act,8,0
1758,I.P.C.,366,0
1761,POCSO Act,4,0
1768,POCSO Act,5(n),0
1769,I.P.C.,363/366 A/376,0
1771,I.P.C.,366 A/120 B/376,0
1772,POCSO Act,4,0
1773,I.P.C.,354 D(2),0
1778,I.P.C.,354 A/323,0
1780,I.P.C.,(1)(1),1
1785,I.P.C.,354(1)(i),0
1786,I.P.C.,294,0
1790,POCSO Act,8,0
1795,I.P.C.,A,1
1801,I.P.C.,376(2)(i),0
1804,I.P.C.,3645,1
1809,I.P.C.,376(1),0
1814,POCSO Act,22,0
1816,I.P.C. & POCSO Act,313,0
1821,SC/ST Act ,11,1
1822,I.P.C.,366 A/450,0
1824,I.P.C.,120 B,0
1825,I.P.C.,B,1
1826,I.P.C.,306,0
1830,I.P.C.,376(2)(n),0
1845,I.P.C.,376(2)(n)/376(2)(f),0
1846,I.P.C.,292,0
1847,Arms Act,25,0
1848,Arms Act,27,0
1854,I.P.C.,496,0
1855,I.P.C.,376 AB,0
1857,SC/ST Act ,Z,1
1858,SC/ST Act ,B,1
1859,SC/ST Act ,II,1
1861,I.P.C. & POCSO Act,354 A(1); 10,0
1868,I.P.C.,15,1
1869,Information Technology Act,67 B,0
1876,I.P.C.,467,0
1877,I.P.C.,376 D,0
1878,I.P.C.,370 A,0
1879,I.P.C.,363/366,0
1889,I.P.C.,354 D(1),0
1892,POCSO Act,9,0
1898,I.P.C.,376(2)(f),0
1902,I.P.C.,293,0
1904,I.P.C.,(1)(i),1
1917,I.P.C.,354(1),0
1918,I.P.C.,354 A(1)(i),0
1919,POCSO Act,6,0
1921,I.P.C.,336 A,0
1923,POCSO Act & SC/ST Act,12; 3,0
1924,POCSO Act,ST,1
1929,I.P.C.,354(b),0
1934,I.P.C.,373,0
1939,SC/ST Act ,3(2),1
1941,I.P.C.,354 A(1)(i),0
1945,I.P.C.,354 A(1),0
1946,I.P.C. & POCSO Act,506,0
1947,Information Technology Act,67 A,0
1948,I.P.C.,376(2)(f),0
1950,Information Technology Act,67 B,0
1952,POCSO Act,20,0
1962,I.P.C.,354 A/354 C/354 D,0
1968,POCSO Act,17,0
1971,POCSO Act,6,0
1972,POCSO Act,5(n),0
1973,POCSO Act,8,0
1974,POCSO Act,10,0
1976,I.P.C.,363/366/376,0
1979,POCSO Act,8,0
1981,I.P.C.,501,0
1983,POCSO Act,ACT,1
1987,I.P.C.,509,0
1989,I.P.C.,370,0
1990,Probation of Offenders Act,14,1
1994,POCSO Act,6,0
1996,I.P.C.,342,0
2000,I.P.C.,34,0
2001,I.P.C.,346,0
2002,Cr. P. C.,IPC,1
2003,I.P.C.,109,0
2008,POCSO Act,12,0
2010,POCSO Act,9(m),0
2030,Child Labour (Prohibition and Regulation) Act,3,0
2035,I.P.C.,366 A/376,0
2036,I.P.C.,507,0
2042,I.P.C.,241,0
2047,POCSO Act,6L,1
2048,POCSO Act,10G,1
2053,I.P.C.,341,0
2060,I.P.C.,212,0
2061,I.P.C.,216 A,0
2062,POCSO Act,5(2),0
2066,I.P.C. & POCSO Act,366; 4,0
2068,I.P.C.,232,0
2074,POCSO Act,8,0
2077,POCSO Act,10,0
2078,I.P.C.,307,0
2087,POCSO Act,6,0
2088,I.P.C.,406,0
2089,I.P.C.,506,0
2092,POCSO Act,4,0
2093,POCSO Act,6,0
2094,POCSO Act,8,0
2098,POCSO Act,10,0
2099,I.P.C.,354 C,0
2100,POCSO Act,17,0
2101,Information Technology Act,67 B,0
2102,POCSO Act,18,0
2104,POCSO Act,12,0
2107,POCSO Act,3,0
2108,POCSO Act,9,0
2111,SC/ST Act ,3(i),1
2112,I.P.C.,560,0
2115,I.P.C.,120 B,0
2116,I.P.C.,366 A,0
2117,POCSO Act,---,1
2120,I.P.C.,202,0
2127,I.P.C.,541,0
2128,I.P.C.,352,0
2132,I.P.C.,363/366,0
2134,POCSO Act,21,0
2136,POCSO Act,5,0
2145,I.P.C.,354 D,0
2146,I.P.C.,452/506,0
2151,"SC/ST Act, 1989",3(1)(x),0
2153,I.P.C.,330,0
2160,I.P.C.,37,0
2168,I.P.C.,120 B,0
2169,I.P.C.,261,0
2172,I.P.C.,249,0
2173,I.P.C.,354 A(3),0
2174,POCSO Act,21(2),0
2175,I.P.C.,229,0
2176,I.P.C.,234,0
2177,I.P.C. & POCSO Act,506/509; 12,0
2178,I.P.C.,254,0
2179,Medical Termination of Pregnency Act,27,1
2180,I.P.C.,392,0
2181,"JJ Act, 2015",79,0
2182,I.P.C.,253,0
2183,Narcotic Drugs and Psychotropic Substances Act,27,0
2184,Narcotic Drugs and Psychotropic Substances Act,61,0
2185,Narcotic Drugs and Psychotropic Substances Act 1985,85,1
2186,I.P.C.,376 AB,0
2187,I.P.C.,376/506,0
2188,"SC/ST Amendment Act, 2015",3(1)(i),0
2189,I.P.C.,342/506/120 B,0
2190,I.P.C.,482,0
2191,I.P.C.,376 AB,0
2192,I.P.C.,505,0
2193,POCSO Act,5,0
2194,I.P.C.,308,0
2195,"SC/ST Amendment Act, 2015",3(1)(s),0
2196,"JJ Act, 2000",23,0
2197,PCMA,9,0
2198,I.P.C.,367 D,0
2199,I.P.C.,292,0
2200,I.P.C.,354,0
2201,I.P.C.,376(2)(F)(I),0
2202,I.P.C.,376(3),0
2203,Arms Act,27,0
2204,Arms Act,54,1
2205,Motor Vehicles Act,5,0
2206,Motor Vehicles Act,180,0
2207,Motor Vehicles Act,3,0
2208,Motor Vehicles Act,181,0
2209,I.P.C. & POCSO Act,34; 8,0
2210,"JJ Act, 2015",75,0
2211,I.P.C.,358,0
2212,I.P.C.,244,0
2213,I.P.C. & POCSO Act,354,0
2214,POCSO Act,21(1),0
2215,I.P.C.,363,0
2216,I.P.C.,376,0
2217,"JJ Act, 2015",77,0
2218,I.P.C.,170,0
2219,I.P.C.,354/506,0
2220,"JJ Act, 2015",79,0
2221,I.P.C.,354 D,0
2222,POCSO Act,3,0
2223,POCSO Act,5,0
2224,I.P.C.,376,0
2225,I.P.C.,363,0
2226,I.P.C.,366,0
2227,I.P.C.,376(2),0
2228,I.P.C.,376,0
2230,POCSO Act,9,0
2231,I.P.C.,342,0
2232,I.P.C.,506,0
2233,I.P.C.,34,0
2234,I.P.C.,373,0
2235,I.P.C.,120 B,0
2236,I.P.C.,367,0
2237,I.P.C.,328,0
2241,I.P.C.,377,0
2243,POCSO Act,7,0
2244,I.P.C.,370,0
2245,I.P.C.,374,0
2246,POCSO Act,11,0
2247,I.P.C.,354,0
2248,I.P.C.,509,0
2249,I.P.C.,376(3),0
2250,POCSO Act,5(n),0
2251,I.P.C.,511,0
2252,I.P.C.,366 A,0
2254,I.P.C.,174 A,0
2256,I.P.C.,354 A,0
2257,I.P.C.,354 B,0
2258,I.P.C.,451,0
2260,I.P.C.,323,0
2261,I.P.C.,376(2),0
2263,I.P.C.,377,0
2264,POCSO Act,21,0
2266,POCSO Act,6,0
2268,I.P.C.,376 D,0
2269,I.P.C.,376(2)(i),0
2271,POCSO Act,9(n),0
2272,I.P.C.,506,0
2274,I.P.C.,452,0
2280,I.P.C.,365,0
2282,I.P.C.,366 A/328,0
2283,I.P.C.,354,0
2284,POCSO Act,6,0
2287,I.P.C.,302,0
2288,I.P.C.,307,0
2290,I.P.C.,341,0
2291,I.P.C.,326,0
2292,I.P.C.,376 D,0
2293,I.P.C.,109,0
2294,I.P.C.,504,0
2295,"JJ Act, 2015",85,0
2303,POCSO Act,9(m),0
2304,POCSO Act,11(iv),0
2305,I.P.C.,384,0
2306,POCSO Act,---,1
2313,POCSO Act,21,0
2316,I.P.C.,427,0
2318,I.P.C.,323/354,0
2319,I.P.C.,506/34,0
2321,I.P.C.,379,0
2324,I.P.C.,343,0
2329,SC/ST Act ,3,1
2330,POCSO Act,19,0
2337,I.P.C.,368,0
2342,POCSO Act,9(l),0
2345,POCSO Act,5(j)(ii)/5(l),0
2346,I.P.C.,376(2)(i)/376(2)(n),0
2351,POCSO Act,12,0
2352,I.P.C.,323,0
2354,I.P.C.,356,0
2355,I.P.C.,376(2)(f),0
2356,Arms Act,25,0
2358,POCSO Act,4,0
2359,I.P.C.,354 A(i),0
2360,I.P.C.,376 C,0
2364,I.P.C.,365/344,0
2365,I.P.C.,346,0
2366,I.P.C.,380,0
2367,I.P.C.,411,0
2369,POCSO Act,9(m)/9(n),0
2370,I.P.C.,394,0
2371,I.P.C.,397,0
2372,I.P.C.,376(2)(n),0
2373,I.P.C.,325,0
2374,I.P.C.,354B,0
2375,I.P.C.,367,0
2376,I.P.C.,308,0
2377,I.P.C.,509,0
2378,I.P.C.,34,0
2379,I.P.C.,506,0
2381,I.P.C.,313,0
2388,I.P.C.,325,0
2389,I.P.C.,435,0
2391,I.P.C.,156,0
2392,I.P.C.,376,0
2393,I.P.C.,376 DB,0
2394,I.P.C.,392,0
2395,I.P.C.,376(2)(n)/376(2)(i),0
2397,I.P.C.,354 C,0
2405,POCSO Act,6,0
2406,POCSO Act,5(l),0
2409,I.P.C.,376 AB,0
2410,POCSO Act,12,0
2411,POCSO Act,9(p)/12,0
2413,I.P.C.,376 C,0
2414,I.P.C.,363,0
2415,I.P.C.,---,1
2416,I.P.C.,403,0
2417,I.P.C.,420,0
2419,POCSO Act,1011,1
2421,I.P.C.,344,0
2423,POCSO Act,5(j)(ii)/5(l),0
2424,I.P.C.,376(3),0
2427,I.P.C.,279,0
2430,POCSO Act,10,0
2448,I.P.C.,376 AB,0
2449,I.P.C.,312,0
2450,I.P.C.,201,0
2454,POCSO Act,14,0
2458,POCSO Act,16,0
2463,POCSO Act,POCSO,1
2467,I.P.C.,370 A,0
2470,POCSO Act,6,0
2473,I.P.C.,376 A,0
2474,I.P.C.,354 A,0
2475,I.P.C.,354 D,0
2480,POCSO Act,8,0
2481,I.P.C.,454,0
2482,I.P.C.,376(2)(f)/376(2)(n),0
2490,POCSO Act,18,0
2491,I.P.C.,511,0
2492,I.P.C.,376(3)/506,0
2501,I.P.C.,455,0
2503,I.P.C.,457,0
2504,I.P.C.,506,0
2505,POCSO Act,11(I),0
2508,POCSO Act,5(l)(m),0
2519,POCSO Act,9(e),0
2521,POCSO Act,5(m),0
2523,I.P.C.,376(1),0
2527,POCSO Act,5(l)(n),0
2531,I.P.C.,376/506,0
2534,POCSO Act,12,0
2535,I.P.C.,363,0
2536,POCSO Act,8,0
2537,I.P.C.,354 A,0
2538,I.P.C.,354,0
2539,POCSO Act,4,0
2540,I.P.C.,376/328/120 B,0
2541,Provincial Small Cause Court Act 1887,---,1
2542,POCSO Act,4,0
2543,POCSO Act,6,0
2544,POCSO Act,8,0
2545,POCSO Act,12,0
2547,I.P.C.,376(2)(g),0
2548,Cr. P. C.,---,1
2549,POCSO Act,21,0
2550,POCSO Act,10,0
2551,I.P.C.,376,0
2552,I.P.C.,376,0
2554,I.P.C.,376 C,0
2555,I.P.C.,363,0
2559,POCSO Act,17,0
2562,I.P.C.,366,0
2563,Hindu Marriage Act 1956,67,1
2564,POCSO Act,16,0
2565,I.P.C.,376(2)(f),0
2568,POCSO Act,9(n),0
2569,I.P.C.,354 D/354 B,0
2570,I.P.C.,506/452,0
2571,I.P.C.,-12363,1
2572,I.P.C.,3765,1
2573,I.P.C.,0.366,1
2574,I.P.C.,323,0
2575,I.P.C.,354,0
2576,I.P.C.,506,0
2577,I.P.C.,34,0
2579,I.P.C.,355,0
2580,I.P.C.,363/367/377,0
2582,POCSO Act,6,0
2584,I.P.C.,506,0
2586,I.P.C.,242,0
2587,POCSO Act,3,0
2588,I.P.C.,174,0
2591,I.P.C.,354 B,0
2592,I.P.C.,3541,1
2593,I.P.C.,3786,1
2594,POCSO Act,13,0
2595,Information Technology Act,67,0
2596,POCSO Act,18,0
2597,POCSO Act,0,0
2598,I.P.C.,3213,1
2599,I.P.C.,323/354/354 B,0
2601,POCSO Act,8,0
2602,POCSO Act,---,1
2605,I.P.C.,385,0
2606,POCSO Act,7,0
2608,I.P.C.,1098,1
2609,I.P.C.,354 B,0
2610,I.P.C.,-2,1
2611,I.P.C.,354 B,0
2612,POCSO Act,9,0
2613,I.P.C.,354/354 D/506,0
2614,I.P.C.,509,0
2617,I.P.C.,3623,1
2618,POCSO Act,14,0
2619,I.P.C.,395,0
2621,POCSO Act,5,0
2622,I.P.C.,342/354/354 B,0
2623,I.P.C.,307,0
2625,I.P.C.,363/354/354 D,0
2627,POCSO Act,22,0
2628,I.P.C.,376,0
2629,I.P.C.,363,0
2630,I.P.C.,466,0
2632,I.P.C.,376,0
2633,I.P.C.,365,0
2634,I.P.C.,120 B,0
2635,I.P.C.,34,0
2636,I.P.C.,354 A/354 D/341,0
2637,I.P.C.,354 D,0
2638,I.P.C.,354,0
2639,I.P.C.,323,0
2643,I.P.C.,108,0
2644,I.P.C.,489 A,0
2645,POCSO Act,11,0
2646,Hindu Minority and Guardianship Act 1956,---,1
2647,I.P.C.,238,0
2648,I.P.C.,394,0
2649,POCSO Act,2,1
2652,I.P.C.,506,0
2655,I.P.C.,377,0
2656,I.P.C.,506,0
2657,I.P.C.,511,0
2658,I.P.C.,354 A,0
2659,I.P.C.,354 A,0
2660,I.P.C.,328,0
2661,I.P.C.,354 A/376,0
2662,I.P.C.,366/376,0
2664,I.P.C.,354 A,0
2665,I.P.C.,354 D,0
2666,I.P.C.,354 A/354 D/509,0
2667,I.P.C.,354 D,0
2669,I.P.C.,354 B/451,0
2670,Provident Fund Insurance Act,---,1
2671,I.P.C.,4561,1
2672,PCMA,10,0
2673,Arms Act,24,1
2674,Arms Act,29,0
2675,I.P.C.,376/506,0
2677,Child Labour (Prohibition and Regulation) Act,3,0
2678,Child Labour (Prohibition and Regulation) Act,14,0
2679,I.P.C.,376(2)(I)/376(2)(f),0
2681,I.P.C.,354D /506,0
2682,I.P.C.,363/366/376,0
2684,I.P.C.,4652,1
2685,I.P.C.,376/506/120,0
2686,I.P.C.,516,0
2687,POCSO Act,6,0
2688,POCSO Act,14,0
2689,POCSO Act,8,0
2691,POCSO Act,4,0
2692,POCSO Act,12,0
2693,POCSO Act,10,0
2694,POCSO Act,8,0
2696,I.P.C.,341,0
2697,I.P.C.,0,1
2698,POCSO Act,12,0
2701,I.P.C.,354 D,0
2702,POCSO Act,6,0
2704,POCSO Act,6,0
2706,POCSO Act,8,0
2708,POCSO Act,6,0
2709,POCSO Act,6,0
2711,POCSO Act,6,0
2712,POCSO Act,6,0
2713,I.P.C.,(2,1
2714,I.P.C.,)(F)(2),1
2715,I.P.C.,(J)IPC,1
2716,"JJ Act, 2015",75,0
2717,I.P.C.,376(2)(n),0
2719,"JJ Act, 2015",79,0
2720,Child Labour (Prohibition and Regulation) Act,14,0
2721,PCMA,9,0
2722,"POCSO Act & JJ Act, 2015",8; 77,0
2723,I.P.C.,354 A,0
2724,POCSO Act,12,0
2725,POCSO Act,4,0
2727,I.P.C.,376(2),0
2728,I.P.C.,i)IPC,1
2729,POCSO Act,10,0
2730,POCSO Act,4,0
2731,POCSO Act,10,0
2732,I.P.C.,376(2)(I),0
2733,POCSO Act,6,0
2735,POCSO Act,4,0
2736,I.P.C.,I,1
2737,I.P.C.,F,1
2738,I.P.C.,J,1
2739,I.P.C.,506,0
2740,I.P.C.,511,0
2742,I.P.C.,174 A,0
2743,POCSO Act,17,0
2745,POCSO Act,12,0
2746,I.P.C.,376 AB,0
2747,POCSO Act,6,0
2748,I.P.C.,354,0
2749,I.P.C.,376(2)(I)/376(2)(h),0
2750,POCSO Act,6,0
2753,I.P.C.,368,0
2754,POCSO Act,21,0
2755,POCSO Act,4,0
2756,POCSO Act,12,0
2757,I.P.C.,328,0
2758,I.P.C.,383,0
2759,POCSO Act,4,0
2760,I.P.C.,376(2)(f),0
2762,I.P.C.,511/323,0
2763,POCSO Act,17,0
2764,POCSO Act,11(i),0
2765,POCSO Act,7,0
2766,I.P.C.,376(2)(n),0
2769,I.P.C.,354,0
2770,I.P.C.,506,0
2772,Child Labour (Prohibition and Regulation) Act,3,0
2773,"JJ Act, 2000",26,0
2776,I.P.C.,376(2)(h),0
2777,I.P.C.,384/506/328,0
2778,POCSO Act,5(a),0
2779,Information Technology Act,66 A,0
2780,POCSO Act,4,0
2781,POCSO Act,17,0
2782,ITPA,6,0
2783,I.P.C.,504,0
2785,I.P.C.,N,1
2786,POCSO Act,L,1
2787,POCSO Act,N POCSOACT,1
2788,I.P.C.,376(2)(g),0
2789,I.P.C.,325,0
2790,I.P.C.,427,0
2792,I.P.C.,174,0
2793,POCSO Act,4,0
2794,POCSO Act,12,0
2795,I.P.C.,376 C/376 D,0
2798,I.P.C.,376(3),0
2801,POCSO Act,6,0
2802,POCSO Act,6,0
2803,"SC/ST Act, 1989",3(2)(v),0
2804,SC/ST Act ,STACT,1
2806,POCSO Act,21,0
2808,I.P.C.,308,0
2810,POCSO Act,16,0
2813,I.P.C.,376(2)(l),0
2815,POCSO Act,10,0
2816,POCSO Act,POCSP,1
2818,I.P.C.,376(2),0
2819,I.P.C.,376(2)(n),0
2820,POCSO Act,6,0
2821,I.P.C.,376 D,0
2823,POCSO Act,15,0
2824,POCSO Act,8,0
2825,POCSO Act,18,0
2827,POCSO Act,9,0
2828,Information Technology Act,67 B,0
2830,Prize Chits and Money Circulation Schemes (Banning) Act,3,0
2831,Prize Chits and Money Circulation Schemes (Banning) Act,XI,1
2832,POCSO Act,5(m),0
2833,POCSO Act,5(n),0
2834,I.P.C.,365,0
2835,ITPA,6,0
2836,I.P.C.,366 A/376,0
2837,"JJ Act, 2015",75,0
2839,I.P.C.,354 A,0
2840,I.P.C.,506,0
2841,POCSO Act,8,0
2844,I.P.C.,354 A,0
2845,I.P.C.,32,0
2846,I.P.C.,344,0
2847,POCSO Act,10,0
2849,I.P.C.,354 A,0
2852,POCSO Act,5(g),0
2853,POCSO Act,4,0
2855,POCSO Act,8,0
2856,I.P.C.,366,0
2857,I.P.C.,376,0
2858,I.P.C.,384,0
2859,I.P.C.,471,0
2860,I.P.C.,506,0
2863,POCSO Act,8,0
2864,I.P.C.,354 B,0
2865,POCSO Act,8,0
2868,ITPA,3,0
2869,ITPA,4,0
2870,Information Technology Act,05D(1),1
2871,ITPA,6,0
2872,ITPA,7,0
2874,Arms Act,27,0
2875,I.P.C.,(N),1
2876,I.P.C.,0,1
2877,POCSO Act,6/17,0
2878,I.P.C.,376 AB,0
2881,I.P.C.,354 B/34,0
2882,"SC/ST Amendment Act, 2015",3(1)(r)/3(1)(s),0
2883,POCSO Act,6,0
2884,I.P.C.,182,0
2885,POCSO Act,4/6,0
2886,I.P.C.,354 A,0
2889,I.P.C.,38,0
2890,POCSO Act,11(i),0
2891,POCSO Act,11(iii),0
2892,I.P.C.,387,0
2893,Information Technology Act,66 E,0
2894,I.M.C. Act,---,1
2896,I.P.C.,354 D/363,0
2897,POCSO Act,21,0
2898,POCSO Act,11(iv),0
2900,POCSO Act,6,0
2901,POCSO Act,12,0
2904,I.P.C. & Information Technology Act,354 C; 67,0
2906,Information Technology Act,67 B,0
2907,POCSO Act,8,0
2908,POCSO Act,POCSOACT,1
2909,POCSO Act,12,0
2911,Information Technology Act,66 A,0
2913,I.P.C.,376/34,0
2914,I.P.C.,354 C,0
2915,Information Technology Act,67,0
2916,I.P.C.,376/195 A,0
2918,"POCSO Act & JJ Act, 2015",12; 77,0
2919,"JJ Act, 2000",24,0
2920,I.P.C.,354 A,0
2922,I.P.C.,376,0
2923,I.P.C.,511,0
2924,I.P.C.,376(2)(I)/372(2)(n),0
2925,I.P.C.,315,0
2926,POCSO Act,6(1)(N)POCSOACT,1
2927,I.P.C.,K,1
2928,I.P.C.,M,1
2930,I.P.C.,376 D,0
2931,I.P.C.,506,0
2932,I.P.C.,354 B,0
2934,POCSO Act,5,0
2936,I.P.C. & POCSO Act,354 A,0
2938,POCSO Act,R,1
2939,POCSO Act,6,0
2940,POCSO Act,8/12,0
2941,I.P.C.,370,0
2942,POCSO Act,5(b),0
2946,I.P.C.,376(2)(n),0
2947,Information Technology Act,66 E,0
2948,Information Technology Act,67 B,0
2949,PCMA,9,0
2950,I.P.C.,354 A/354 B,0
2951,POCSO Act,8,0
2952,I.P.C.,498 A,0
2953,POCSO Act,12,0
2954,POCSO Act,16,0
2957,I.P.C.,313,0
2960,I.P.C.,174,0
2962,Information Technology Act,66,0
2964,I.P.C.,(f),1
2965,POCSO Act,18,0
2966,I.P.C.,292,0
2967,POCSO Act,8,0
2968,"JJ Act, 2000",23,0
2970,POCSO Act,4,0
2971,POCSO Act,12,0
2972,I.P.C. & POCSO Act,506; 9(m),0
2975,I.P.C.,399,0
2977,I.P.C.,606,0
2978,I.P.C.,37A,1
2979,I.P.C.,198,0
2980,POCSO Act,6,0
2981,POCSO Act,5(m),0
2982,I.P.C.,POCSO,1
2983,I.P.C.,(f)& (i),1
2984,I.P.C.,194,0
2985,I.P.C.,377,0
2986,"JJ Act, 2000",12,0
2987,I.P.C.,363,0
2988,I.P.C.,404,0
2989,I.P.C.,354/354 A,0
2990,I.P.C.,354 D/323,0
2991,I.P.C.,506/509,0
2992,I.P.C.,220,0
2993,I.P.C.,17,0
2994,I.P.C.,219,0
2995,I.P.C.,32B,1
2996,POCSO Act,5,0
2997,I.P.C.,354,0
2998,POCSO Act,16,0
3001,I.P.C.,376,0
3002,I.P.C.,506,0
3003,I.P.C.,376,0
3004,I.P.C.,363,0
3005,POCSO Act,10,0
3006,POCSO Act,4/6,0
3007,I.P.C.,239,0
3008,I.P.C.,376(2)(n),0
3009,I.P.C.,240,0
3010,I.P.C.,509,0
3011,POCSO Act,`,1
3012,POCSO Act,12,0
3013,I.P.C.,251,0
3014,POCSO Act,5(l),0
3015,POCSO Act,J(ii),1
3016,I.P.C.,376(2)(n),0
3017,I.P.C.,448,0
3018,I.P.C.,506,0
3019,I.P.C.,376(3)/452,0
3020,I.P.C.,457/354,0
3021,I.P.C.,377/120 B/34,0
3022,I.P.C.,425,0
3023,Arms Act,59,1
3024,Cr. P. C.,POCSOACT,1
3025,I.P.C.,342,0
3026,PCMA,11,0
3028,POCSO Act,9(m)/10,0
3030,Factories Act,14,1
3031,POCSO Act,8,0
3032,POCSO Act,10,0
3033,POCSO Act,12,0
3034,POCSO Act,4,0
3035,POCSO Act,6,0
3037,POCSO Act,---,1
3038,POCSO Act,17,0
3040,I.P.C.,292(2),0
3041,SC/ST Act ,3,1
3042,SC/ST Act ,3,1
3043,SC/ST Act ,1,1
3044,SC/ST Act ,S,1
3047,POCSO Act,9,0
3049,I.P.C.,370(4),0
3050,"JJ Act, 2000",4,1
3051,"JJ Act, 2000",5,1
3052,POCSO Act,5,0
3055,POCSO Act,7,0
3058,I.P.C.,506,0
3059,POCSO Act,18,0
3068,I.P.C.,376,0
3070,I.P.C.,354,0
3075,POCSO Act,21,0
3077,POCSO Act,3,0
3080,POCSO Act,9(m),0
3081,POCSO Act,16,0
3083,POCSO Act,3(b),0
3092,I.P.C.,342,0
3093,I.P.C.,354 B,0
3094,I.P.C.,377 D,0
3102,I.P.C.,354 A,0
3103,I.P.C.,453,0
3108,POCSO Act,21(2),0
3113,POCSO Act,6,0
3114,I.P.C.,142,0
3123,I.P.C.,323,0
3124,Motor Vehicles Act,146,0
3125,Motor Vehicles Act,196,0
3126,I.P.C.,456,0
3130,I.P.C.,354,0
3132,I.P.C.,442,0
3138,I.P.C.,509/506,0
3140,POCSO Act,11,0
3141,I.P.C.,363/365,0
3143,POCSO Act,8,0
3147,I.P.C.,363,0
3148,POCSO Act,11(i),0
3155,POCSO Act,6,0
3156,Mental Health Act 1987,85,1
3157,POCSO Act,11(i),0
3161,POCSO Act,11(ii),0
3162,POCSO Act,19(i),0
3163,POCSO Act,20,0
3164,I.P.C.,354 D,0
3165,I.P.C.,506,0
3166,I.P.C.,34,0
3167,POCSO Act,5(m),0
3169,I.P.C.,376(2)(j)/376(2)(l)/506,0
3170,I.P.C.,118,0
3171,I.P.C.,354 A,0
3176,I.P.C.,376,0
3181,I.P.C.,376 A,0
3188,I.P.C.,377,0
3196,I.P.C.,354D,0
3200,I.P.C.,353,0
3201,I.P.C.,451,0
3202,I.P.C.,326B,1
3203,POCSO Act,5(g)/5(l),0
3204,POCSO Act,9(m)/10,0
3206,"SC/ST Amendment Act, 2015",3(2)(va),0
3208,I.P.C.,16B,1
3209,I.P.C.,79,0
3212,I.P.C.,357,0
3220,I.P.C.,366 A,0
3226,I.P.C.,324,0
3227,POCSO Act,8,0
3228,POCSO Act,4,0
3229,POCSO Act,10,0
3230,POCSO Act,21,0
3231,POCSO Act,12,0
3232,POCSO Act,6,0
3233,POCSO Act,16,0
3234,I.P.C.,376(2)(m),0
3235,I.P.C.,372,0
3236,I.P.C.,363/376,0
3237,POCSO Act,7,0
3238,POCSO Act,18,0
3239,POCSO Act,21(1),0
3240,POCSO Act,4,0
3241,I.P.C.,406,0
3242,I.P.C.,374 B,0
3243,I.P.C.,174,0
3244,I.P.C.,498 A,0
3245,I.P.C.,465,0
3246,I.P.C.,468,0
3247,I.P.C.,471,0
3248,I.P.C.,494,0
3249,I.P.C.,376F,1
3251,I.P.C.,308,0
3252,I.P.C.,376 E,0
3253,I.P.C.,12,1
3254,I.P.C.,376,0
3255,I.P.C.,363,0
3256,I.P.C.,174 A,0
3257,POCSO Act,5(l),0
3258,POCSO Act,20,0
3259,I.P.C.,376(2)(I),0
3260,POCSO Act,---,1
3261,I.P.C.,376(2)(f)/376(2)(h),0
3262,I.P.C.,354 D,0
3263,I.P.C.,354 A,0
3264,Information Technology Act,67 B(e),0
3265,I.P.C.,306,0
3266,POCSO Act,10,0
3267,POCSO Act,17,0
3268,POCSO Act,6,0
3270,I.P.C.,363/366/376,0
3271,POCSO Act,5(k),0
3272,I.P.C.,323,0
3273,I.P.C.,452,0
3274,I.P.C.,506,0
3276,POCSO Act,8,0
3277,I.P.C.,376(2)(f)/376(2)(l)/376(2)(n),0
3278,POCSO Act,5(I)/5(m),0
3279,I.P.C.,376(2)(g),0
3280,I.P.C.,354/354 A/341,0
3281,I.P.C.,506,0
3282,I.P.C.,363/506/376,0
3283,POCSO Act,6,0
3284,POCSO Act,22,0
3285,I.P.C.,103,0
3286,I.P.C.,354 B,0
3293,I.P.C.,448,0
3294,I.P.C.,376/354 D,0
3295,POCSO Act,6,0
3296,I.P.C.,294,0
3297,I.P.C.,254,0
3298,I.P.C.,354 B,0
3299,I.P.C.,34,0
3300,Partition,---,1
3301,I.P.C.,376(2)(n),0
3304,I.P.C.,366 A,0
3305,I.P.C.,370 A,0
3306,I.P.C.,376(2)1,1
3307,I.P.C.,364 A,0
3308,I.P.C.,419,0
3309,I.P.C.,386,0
3310,I.P.C.,376(2)(i),0
3311,I.P.C.,354 D,0
3312,I.P.C.,376/354/506,0
3313,I.P.C.,509,0
3314,POCSO Act,12,0
3315,I.P.C.,354,0
3316,I.P.C.,509,0
3317,I.P.C.,393,0
3318,I.P.C.,376/363,0
3319,POCSO Act,14,0
3320,I.P.C.,354,0
3321,I.P.C.,417,0
3322,I.P.C.,324,0
3323,I.P.C.,342,0
3324,I.P.C.,376(2)(d),0
3326,I.P.C.,507,0
3327,I.P.C.,366 A,0
3328,I.P.C.,195 A,0
3329,I.P.C.,394,0
3330,POCSO Act,6,0
3334,I.P.C.,354 A,0
3335,POCSO Act,12,0
3336,I.P.C.,376 DA,0
3337,I.P.C.,367/377/506,0
3338,I.P.C.,363 A,0
3339,I.P.C.,154,0
3340,POCSO Act,8,0
3341,POCSO Act,10,0
3342,POCSO Act,12,0
3343,POCSO Act,4,0
3344,POCSO Act,6,0
3349,I.P.C.,229,0
3350,I.P.C.,396,0
3353,I.P.C.,398,0
3357,POCSO Act,---,1
3358,POCSO Act,17,0
3359,I.P.C.,397,0
3360,I.P.C.,253,0
3362,I.P.C.,376(2)(n),0
3363,I.P.C.,234,0
3364,I.P.C.,395,0
3365,POCSO Act,14(1),0
3367,POCSO Act,21,0
3368,POCSO Act,7,0
3369,ITPA,7,0
3370,I.P.C.,342/506,0
3371,POCSO Act,14(5),0
3372,I.P.C.,219,0
3374,POCSO Act,5(g),0
3379,POCSO Act,16,0
3380,I.P.C.,376(2)(n),0
3384,POCSO Act,18,0
3386,POCSO Act,14,0
3387,I.P.C.,239,0
3388,I.P.C.,249,0
3392,I.P.C.,376(2)(h),0
3396,POCSO Act,3,0
3397,I.P.C.,204,0
3398,POCSO Act,11(iv),0
3399,POCSO Act,5,0
3409,I.P.C.,304,0
3411,I.P.C.,376(2)(n),0
3412,I.P.C.,260,0
3417,POCSO Act,11,0
3418,I.P.C.,376(2)(i)/376(2)(n),0
3419,I.P.C.,394,0
3420,I.P.C.,266,0
3424,I.P.C.,354 B,0
3425,I.P.C.,241,0
3426,I.P.C.,354/A,0
3444,I.P.C.,447,0
3445,I.P.C.,354 A,0
3448,I.P.C.,354 A,0
3452,POCSO Act,3(b)/4,0
3453,I.P.C.,376(2)(n),0
3468,POCSO Act,5(m),0
3470,POCSO Act,19,0
3475,I.P.C.,2n,1
3484,I.P.C.,376(2)(n)/376(2)(h),0
3485,POCSO Act,5(j)(ii)/5(l),0
3487,I.P.C.,541,1
3492,I.P.C.,363,0
3493,I.P.C.,366 A,0
3494,I.P.C.,368,0
3495,I.P.C.,372,0
3496,I.P.C.,370,0
3497,I.P.C.,376,0
3498,I.P.C.,376 AB,0
3512,I.P.C.,450,0
3523,SC/ST Act ,3(1),1
3527,I.P.C.,B,1
3528,I.P.C.,376 D,0
3534,I.P.C.,376(2)(n),0
3536,I.P.C.,397,0
3538,I.P.C.,292,0
3539,POCSO Act,9,0
3542,I.P.C.,354 A/354 B,0
3546,I.P.C.,370(4),0
3547,I.P.C.,366 A,0
3549,I.P.C.,354,0
3553,POCSO Act,9(i),0
3554,PCMA,9,0
3562,POCSO Act,5(l),0
3569,I.P.C.,376(2)(a),0
3574,I.P.C.,228 A,0
3591,I.P.C.,459,0
3605,I.P.C.,178,0
3606,ITPA,---,1
3609,I.P.C.,120,0
3628,I.P.C.,376 (2) (F),0
3629,I.P.C.,366 A,0
3630,I.P.C.,376 (D),0
3639,I.P.C.,354 (D),0
3640,Dowry Prohibition Act,4,0
3641,I.P.C.,376/354 A,0
3642,POCSO Act,4,0
3643,POCSO Act,6,0
3644,I.P.C.,176,0
3645,I.P.C.,175,0
3646,I.P.C.,452/323/354,0
3647,I.P.C.,0,1
3648,I.P.C.,398 A,0
3649,I.P.C.,406/34,0
3650,I.P.C.,354/354 B,0
3651,I.P.C.,377A,0
3652,I.P.C.,376 D,0
3653,I.P.C.,120 B,0
3654,I.P.C.,506/174 A,0
3655,I.P.C.,376(2)(f),0
3657,I.P.C.,498,0
3658,I.P.C.,376(2)(d),0
3661,"SC/ST Amendment Act, 2015",3(1)(r),0
3664,I.P.C.,354/354 B,0
3665,Arms Act,---,1
3666,POCSO Act,0,1
3667,I.P.C.,279/323/341,0
3668,Motor Vehicles Act,185,0
3669,I.P.C.,376(2),0
3670,I.P.C.,212,0
3672,I.P.C.,366,0
3673,POCSO Act,5(m),0
3674,I.P.C.,364,0
3675,PCMA,11,0
3676,I.P.C.,354 D,0
3677,I.P.C.,102,0
3680,I.P.C.,363/342/323,0
3681,I.P.C.,363/376,0
3682,PCMA,10,0
3683,I.P.C.,114,0
3684,I.P.C.,363/366/368,0
3685,I.P.C.,376/120 B,0
3686,I.P.C.,366(2),0
3687,I.P.C.,209,0
3688,POCSO Act,0,1
3690,I.P.C.,354 A/354 D,0
3694,I.P.C.,376/313/316,0
3697,I.P.C.,376 C,0
3698,POCSO Act,8,0
3699,Public Premises Act 1971,---,1
3700,I.P.C.,240,0
3702,I.P.C.,318,0
3703,I.P.C.,238,0
3704,I.P.C.,346(2),0
3705,I.P.C.,376 AB,0
3706,I.P.C.,363/109/376,0
3708,I.P.C.,351,0
3714,I.P.C.,376(2)(n),0
3715,Child Labour (Prohibition and Regulation) Act,---,1
3717,I.P.C.,376/354/506,0
3718,I.P.C.,509/325,0
3719,CMRA,---,1
3720,I.P.C.,354 A,0
3721,I.P.C.,354 B,0
3723,I.P.C.,328/342/376,0
3724,I.P.C.,336,0
3725,I.P.C.,354 D,0
3726,I.P.C.,506,0
3727,I.P.C.,363/366/342,0
3728,I.P.C.,376/34,0
3732,I.P.C.,355,0
3733,I.P.C.,354/354 D,0
3734,I.P.C.,366(2)(n),0
3735,I.P.C.,109,0
3736,I.P.C.,376,0
3737,I.P.C.,354/354A,0
3742,I.P.C.,363/376,0
3743,I.P.C.,376 D,0
3744,I.P.C.,376/366 A/363,0
3745,I.P.C.,343/323/506,0
3746,I.P.C.,363/376,0
3747,I.P.C.,353,0
3748,I.P.C.,363/354/323,0
3749,Information Technology Act,---,1
3756,I.P.C.,385,0
3758,I.P.C.,376(3),0
3759,I.P.C.,354 A/354,0
3760,I.P.C.,120 B,0
3761,I.P.C.,174 A,0
3762,"JJ Act, 2015",84,0
3768,I.P.C.,376(2)(I),0
3769,I.P.C.,376/506,0
3770,I.P.C.,363/366 A,0
3771,I.P.C.,314,0
3782,I.P.C.,109,0
3783,I.P.C.,354 B,0
3784,I.P.C.,354/201/376,0
3786,I.P.C.,376(2),0
3787,I.P.C.,326 A,0
3788,I.P.C.,376I,1
3789,I.P.C.,363/366,0
3790,I.P.C.,323/354/451,0
3792,PCMA,---,1
3793,POCSO Act,4,0
3794,POCSO Act,6,0
3795,POCSO Act,8,0
3796,POCSO Act,12,0
3797,POCSO Act,7,0
3798,POCSO Act,10,0
3799,I.P.C.,377,0
3800,POCSO Act,3,0
3801,POCSO Act,5,0
3802,POCSO Act,9,0
3803,POCSO Act,15,0
3804,POCSO Act,6,0
3805,POCSO Act,21,0
3806,"JJ Act, 2015",75,0
3807,POCSO Act,17,0
3809,I.P.C.,323/363/376,0
3810,I.P.C.,376/323,0
3811,I.P.C.,34/506,0
3812,POCSO Act,14,0
3813,POCSO Act,11(iv),0
3814,I.P.C.,363/342/376,0
3816,I.P.C.,376,0
3817,I.P.C.,342,0
3818,Hindu Marriage Act 1956,34,1
3819,I.P.C.,451/354/506,0
3820,I.P.C.,342/34,0
3821,POCSO Act,11,0
3822,I.P.C.,292,0
3824,I.P.C.,363,0
3825,POCSO Act,19,0
3826,I.P.C.,354 D/506/509,0
3827,I.P.C.,376(2)(m),0
3828,I.P.C.,376 DA/342,0
3829,POCSO Act,6,0
3830,Madras Public Property Malversation Act 1837,---,1
3831,I.P.C.,363/376,0
3832,I.P.C.,451/354/354 A,0
3833,I.P.C.,354 B/354 D,0
3834,I.P.C.,354/354 B,0
3835,I.P.C.,34,0
3836,I.P.C.,376,0
3837,I.P.C.,511,0
3838,POCSO Act,8,0
3839,POCSO Act,4,0
3840,POCSO Act,pocso,1
3841,POCSO Act,Act,1
3842,POCSO Act,366 A,0
3843,POCSO Act,POCSo,1
3844,I.P.C.,448,0
3845,I.P.C.,34,0
3846,I.P.C.,366,0
3847,POCSO Act,4,0
3850,POCSO Act,12,0
3851,I.P.C.,342,0
3852,I.P.C.,506,0
3853,POCSO Act,4,0
3854,I.P.C.,493,0
3855,POCSO Act,6,0
3856,I.P.C.,366 A,0
3857,POCSO Act,8,0
3858,I.P.C.,448,0
3859,I.P.C.,420,0
3860,POCSO Act,12,0
3861,I.P.C.,325,0
3862,I.P.C.,294,0
3863,I.P.C.,354,0
3864,POCSO Act,pocsoact,1
3865,POCSO Act,4,0
3867,POCSO Act,act,1
3868,POCSO Act,376(2),0
3869,POCSO Act,(i),1
3870,POCSO Act,42,0
3871,I.P.C.,376 A,0
3872,I.P.C.,328,0
3873,POCSO Act,8,0
3874,POCSO Act,4,0
3876,I.P.C.,376(2)(i),0
3877,POCSO Act,4,0
3878,POCSO Act,4,0
3879,POCSO Act,POCSO,1
3880,POCSO Act,ACT,1
3881,I.P.C.,376(2)(g)/376(2)(i),0
3882,I.P.C.,354 A,0
3883,I.P.C.,120 B,0
3884,POCSO Act,6,0
3885,POCSO Act,4,0
3886,I.P.C.,457,0
3887,POCSO Act,IPC,1
3888,I.P.C.,427,0
3889,I.P.C.,323,0
3890,I.P.C.,341,0
3891,POCSO Act,8,0
3892,I.P.C. & POCSO Act,366 A; 4,0
3893,POCSO Act,pocsoAct,1
3894,POCSO Act,306,0
3895,POCSO Act,377,0
3896,I.P.C.,366 A,0
3897,POCSO Act,pocseact,1
3898,I.P.C.,376(2)(i),0
3899,I.P.C.,376(2),0
3900,I.P.C.,344,0
3901,POCSO Act,376(F),1
3902,POCSO Act,6,0
3903,POCSO Act,6,0
3904,POCSO Act,8,0
3905,I.P.C.,363,0
3906,POCSO Act,8,0
3907,I.P.C.,376 D,0
3908,POCSO Act,4,0
3909,I.P.C.,302,0
3910,I.P.C.,120 B,0
3911,I.P.C.,326,0
3915,POCSO Act,6,0
3916,POCSO Act,6,0
3917,I.P.C.,376(3),0
3918,I.P.C.,493,0
3919,I.P.C.,376(2)(1),0
3920,POCSO Act,of,1
3921,POCSO Act,4,0
3922,I.P.C.,375 D/506,0
3923,I.P.C. & POCSO Act,376(2)/376(1); 4,0
3924,POCSO Act,10,0
3925,POCSO Act,4,0
3927,POCSO Act,7,0
3928,POCSO Act,Pocso,1
3929,POCSO Act,8,0
3930,I.P.C.,376(1),0
3931,I.P.C. & POCSO Act,366 A; 6,0
3932,POCSO Act,6,0
3933,I.P.C.,324,0
3934,I.P.C.,307,0
3935,I.P.C.,376,0
3936,POCSO Act,2,1
3937,POCSO Act,i,1
3938,I.P.C.,354 B,0
3939,I.P.C.,376,0
3940,I.P.C.,448,0
3941,I.P.C.,366 A,0
3942,I.P.C. & POCSO Act,354 A; 6,0
3946,I.P.C.,450,0
3948,I.P.C.,447,0
3949,I.P.C.,114,0
3950,I.P.C.,366,0
3951,I.P.C.,506,0
3952,POCSO Act,5(4)pocsoact,1
3953,I.P.C. & POCSO Act,376 D; 4,0
3954,POCSO Act,4,0
3955,I.P.C.,366 A,0
3956,I.P.C.,376(2)(i)/376(1),0
3957,I.P.C.,417,0
3958,I.P.C.,343,0
3959,I.P.C.,368,0
3960,POCSO Act,12,0
3961,POCSO Act,4,0
3962,POCSO Act,8,0
3963,POCSO Act,12,0
3964,POCSO Act,18,0
3965,I.P.C.,307,0
3966,POCSO Act,6,0
3967,POCSO Act,4,0
3968,POCSO Act,NA,1
3969,I.P.C.,376(2)(i),0
3970,I.P.C.,457,0
3971,POCSO Act,8,0
3972,POCSO Act,10,0
3973,I.P.C.,328,0
3974,I.P.C.,386,0
3975,POCSO Act,11(v),0
3976,POCSO Act,7,0
3977,POCSO Act,21,0
3978,POCSO Act,6,0
3979,I.P.C.,376(2)(I),0
3980,I.P.C.,376(2),0
3981,I.P.C.,366 A,0
3982,I.P.C.,344,0
3983,I.P.C.,323,0
3984,I.P.C.,450,0
3985,I.P.C.,342,0
3986,I.P.C.,325,0
3987,I.P.C.,506,0
3988,I.P.C.,34,0
3989,I.P.C.,376,0
3990,I.P.C.,448,0
3991,I.P.C.,34,0
3992,POCSO Act,18,0
3993,POCSO Act,10,0
3995,I.P.C.,376 AB,0
3996,I.P.C.,201,0
3997,I.P.C.,302,0
4000,POCSO Act,18,0
4001,I.P.C.,497,0
4005,POCSO Act,17,0
4006,POCSO Act,NIL,1
4007,POCSO Act,nil,1
4008,POCSO Act,376(f),1
4012,I.P.C.,366,0
4013,POCSO Act,11(ii),0
4015,I.P.C.,325,0
4016,I.P.C.,376(2)(f),0
4020,POCSO Act,3,0
4022,POCSO Act,11,0
4023,POCSO Act,5(j)(ii),0
4024,I.P.C.,i,1
4026,POCSO Act,18,0
4027,POCSO Act,7,0
4028,I.P.C.,376(2)(f),0
4029,POCSO Act,14(2),0
4030,POCSO Act,4,0
4031,I.P.C.,376(3),0
4032,I.P.C.,354 A/325/34,0
4033,I.P.C.,441,0
4034,I.P.C.,376 AB,0
4035,I.P.C.,323,0
4037,I.P.C.,341,0
4038,POCSO Act,5(j)(ii)/5(n),0
4039,POCSO Act,5(j)(i),0
4040,I.P.C.,506,0
4041,I.P.C.,354 D,0
4042,POCSO Act,nil,1
4043,POCSO Act,12,0
4044,POCSO Act,4,0
4045,POCSO Act,4,0
4046,I.P.C.,366 A,0
4047,POCSO Act,19(i),0
4048,I.P.C.,354 B,0
4050,I.P.C.,376(2)(f),0
4052,I.P.C.,342,0
4053,I.P.C.,354,0
4054,I.P.C.,376(2),0
4055,I.P.C.,376(2)(1),0
4056,POCSO Act,4,0
4057,POCSO Act,10,0
4061,POCSO Act,12,0
4062,POCSO Act,8,0
4063,POCSO Act,6,0
4068,POCSO Act,6,0
4073,POCSO Act,12,0
4074,POCSO Act,8,0
4076,POCSO Act,3,0
4077,POCSO Act,7,0
4078,I.P.C.,144,0
4080,POCSO Act,4,0
4081,POCSO Act,6,0
4082,POCSO Act,18,0
4083,POCSO Act,7,0
4084,I.P.C.,376(2)(i),0
4085,I.P.C.,343/366 A,0
4086,POCSO Act,8,0
4087,I.P.C.,313/511,0
4088,I.P.C.,107,0
4089,I.P.C.,457/34,0
4090,I.P.C.,376,0
4091,I.P.C.,366 A/376,0
4092,I.P.C.,376 B,0
4093,POCSO Act,8,0
4094,I.P.C.,143,0
4095,I.P.C.,447,0
4099,POCSO Act,17,0
4100,I.P.C.,496,0
4101,I.P.C.,448/354 A,0
4102,POCSO Act,12,0
4103,POCSO Act,10,0
4104,I.P.C.,366 A,0
4105,I.P.C.,376 D,0
4106,POCSO Act,5,0
4107,I.P.C.,376(2)(i),0
4108,I.P.C.,376/420/212/34,0
4109,I.P.C.,372(2)(i),0
4110,I.P.C.,448/354 A,0
4113,I.P.C.,366 A/376,0
4114,I.P.C.,447/341/354,0
4115,POCSO Act,6,0
4116,I.P.C.,366 A,0
4118,I.P.C.,342,0
4119,I.P.C.,376 AB,0
4120,I.P.C.,366 A/311,0
4121,I.P.C.,511/376,0
4122,I.P.C.,366 A/34,0
4123,POCSO Act,11,0
4124,I.P.C.,323/34,0
4125,PCMA,II,1
4126,I.P.C.,376(2)(i),0
4127,POCSO Act,8,0
4128,POCSO Act,4,0
4129,POCSO Act,4,0
4131,POCSO Act,12,0
4132,POCSO Act,7,0
4134,POCSO Act,10,0
4135,POCSO Act,6,0
4136,POCSO Act,10,0
4137,POCSO Act,8,0
4139,POCSO Act,12,0
4140,I.P.C.,366 A/343,0
4141,I.P.C.,417,0
4144,POCSO Act,childlabour,1
4145,POCSO Act,6,0
4146,POCSO Act,17,0
4148,I.P.C.,376(2)/376(1),0
4149,I.P.C.,376(3)/376(2)(m),0
4152,POCSO Act,18,0
4154,I.P.C.,304 B,0
4155,I.P.C.,376(2)(i),0
4157,I.P.C.,376(2)(h),0
4158,I.P.C.,35,0
4163,I.P.C.,376(3)/376(2)(i),0
4169,Child Labour (Prohibition and Regulation) Act,14,0
4172,POCSO Act,11(iv),0
4174,POCSO Act,II,1
4175,POCSO Act,IV,1
4177,POCSO Act,17,0
4179,POCSO Act,18,0
4180,I.P.C.,376(2)(f)/376(2)(i),0
4181,POCSO Act,5,0
4182,I.P.C.,354 A(1)(i),0
4190,POCSO Act,11,0
4191,POCSO Act,7,0
4192,POCSO Act,12,0
4193,"JJ Act, 2015",75,0
4194,I.P.C.,376(2)(g),0
4198,I.P.C.,268,0
4203,I.P.C.,376(2)(i),0
4204,I.P.C.,213,0
4206,I.P.C.,354 A(i)(ii),0
4208,I.P.C.,375(f),1
4211,I.P.C.,378,0
4212,I.P.C.,447,0
4213,I.P.C.,342,0
4215,I.P.C.,376(2)(l),0
4218,I.P.C.,354 A(i),0
4219,POCSO Act,8,0
4220,I.P.C.,376,0
4221,I.P.C.,366,0
4222,POCSO Act,4,0
4223,POCSO Act,12,0
4227,POCSO Act,7,0
4228,POCSO Act,8,0
4229,POCSO Act,14,0
4230,I.P.C.,366 A,0
4231,POCSO Act,5,0
4232,POCSO Act,6,0
4233,POCSO Act,12,0
4234,POCSO Act,14,0
4238,I.P.C.,366 A,0
4239,I.P.C.,366 A,0
4240,I.P.C.,376,0
4241,I.P.C.,506,0
4242,I.P.C.,34,0
4246,POCSO Act,18,0
4247,POCSO Act,U,1
4248,I.P.C.,120 B,0
4249,I.P.C.,366 A,0
4250,I.P.C.,384,0
4251,I.P.C.,376,0
4252,POCSO Act,4,0
4253,I.P.C.,376 A,0
4254,I.P.C.,354,0
4255,I.P.C.,354 A,0
4256,POCSO Act,8,0
4257,POCSO Act,4/6,0
4258,POCSO Act,12,0
4259,I.P.C.,366/376,0
4260,I.P.C.,375,0
4261,I.P.C.,376,0
4267,I.P.C.,376,0
4268,POCSO Act,4/6,0
4269,POCSO Act,6,0
4270,POCSO Act,8,0
4272,POCSO Act,4,0
4273,POCSO Act,8,0
4274,POCSO Act,10,0
4276,I.P.C.,373,0
4277,POCSO Act,4,0
4278,POCSO Act,21,0
4279,POCSO Act,8,0
4280,I.P.C.,141,0
4281,POCSO Act,17,0
4282,I.P.C.,376(1),0
4283,I.P.C.,420,0
4284,CMRA,3,0
4285,CMRA,4,0
4286,CMRA,5,0
4287,CMRA,6,0
4288,I.P.C.,363 A,0
4289,POCSO Act,R,1
4291,I.P.C.,376,0
4292,I.P.C.,376,0
4293,I.P.C.,415,0
4294,I.P.C.,495,0
4295,I.P.C.,366 A,0
4296,I.P.C.,34,0
4297,POCSO Act,18,0
4299,I.P.C.,379,0
4300,I.P.C.,344,0
4304,I.P.C.,448,0
4305,I.P.C.,326,0
4306,POCSO Act,8,0
4307,POCSO Act,4,0
4308,I.P.C.,304 A,0
4309,POCSO Act,8,0
4310,POCSO Act,5,0
4311,POCSO Act,4,0
4313,POCSO Act,4,0
4314,POCSO Act,8,0
4318,POCSO Act,12,0
4319,I.P.C.,376(2)(i),0
4320,I.P.C.,164,0
4321,I.P.C.,363,0
4322,I.P.C.,376(1),0
4323,I.P.C.,376(2)(i),0
4327,POCSO Act,11(ii),0
4328,I.P.C.,366,0
4333,POCSO Act,8,0
4334,I.P.C.,342,0
4336,I.P.C.,366,0
4337,I.P.C.,354,0
4338,I.P.C.,447,0
4339,I.P.C.,294,0
4340,I.P.C.,506,0
4341,I.P.C.,352,0
4343,I.P.C.,511,0
4344,POCSO Act,8,0
4345,POCSO Act,8,0
4346,POCSO Act,6,0
4347,I.P.C.,448,0
4348,I.P.C.,376(i)(l),1
4349,POCSO Act,4,0
4350,POCSO Act,17,0
4351,POCSO Act,7,0
4353,I.P.C.,354 D(2),0
4354,POCSO Act,11,0
4356,I.P.C.,376(3),0
4357,POCSO Act,354,0
4358,POCSO Act,363,0
4359,POCSO Act,380,0
4360,POCSO Act,34,0
4361,I.P.C.,498 A,0
4362,I.P.C.,366 A,0
4363,POCSO Act,8,0
4365,I.P.C.,376,0
4368,I.P.C.,376(2)(a)(i),0
4369,I.P.C.,376,0
4370,POCSO Act,8,0
4371,POCSO Act,3,0
4372,I.P.C.,341,0
4373,I.P.C.,323,0
4374,I.P.C.,376 D,0
4376,POCSO Act,9(r),0
4377,I.P.C.,448,0
4378,POCSO Act,8,0
4379,I.P.C.,376(3),0
4380,POCSO Act,12,0
4383,I.P.C.,376 B,0
4384,POCSO Act,9(n),0
4385,I.P.C.,447,0
4386,I.P.C.,376(1),0
4387,I.P.C.,506,0
4388,I.P.C.,342,0
4389,I.P.C.,366,0
4390,I.P.C.,511,0
4391,POCSO Act,4,0
4392,I.P.C.,420,0
4393,I.P.C.,354,0
4394,I.P.C.,366,0
4395,I.P.C.,500,0
4396,I.P.C.,294,0
4397,I.P.C.,506,0
4398,I.P.C.,(2)(1),1
4399,POCSO Act,7,0
4402,I.P.C.,376,0
4404,POCSO Act,15,0
4405,I.P.C.,369,0
4406,I.P.C.,376 DA/34,0
4407,POCSO Act,17,0
4408,I.P.C.,35(D),1
4410,I.P.C.,366 A,0
4412,I.P.C. & POCSO Act,366 A; 4,0
4414,I.P.C.,36(A),1
4415,I.P.C.,376(2)/376(1),0
4417,POCSO Act,12,0
4418,POCSO Act,14,0
4419,POCSO Act,8,0
4420,POCSO Act,6,0
4422,I.P.C.,120 B,0
4423,POCSO Act,18,0
4424,I.P.C.,366 A,0
4425,I.P.C.,34,0
4426,I.P.C.,366 A,0
4427,POCSO Act,4,0
4428,POCSO Act,16,0
4430,Information Technology Act,66 E,0
4436,I.P.C.,376(2),0
4439,Prevention of Damage to Public Property Act,3,0
4442,I.P.C.,372,0
4444,POCSO Act,11,0
4445,POCSO Act,8,0
4447,POCSO Act,4,0
4448,POCSO Act,12,0
4450,POCSO Act,6,0
4451,POCSO Act,9,0
4452,POCSO Act,10,0
4453,I.P.C.,376(2)(h),0
4455,POCSO Act,3,0
4457,POCSO Act,7,0
4458,POCSO Act,5,0
4459,I.P.C.,457,0
4460,POCSO Act,376(2)(1),1
4461,I.P.C.,511,0
4462,POCSO Act,11(v),0
4463,POCSO Act,6,0
4464,I.P.C.,448,0
4465,I.P.C.,354 A,0
4466,POCSO Act,6,0
4467,I.P.C.,363,0
4468,POCSO Act,4,0
4469,POCSO Act,18,0
4471,POCSO Act,22,0
4473,POCSO Act,---,1
4474,POCSO Act,2(d),1
4475,POCSO Act,8,0
4478,POCSO Act,13,0
4479,I.P.C.,376 AB,0
4480,I.P.C.,376(2)(i),0
4481,POCSO Act,18,0
4482,POCSO Act,3,0
4483,POCSO Act,3,0
4484,POCSO Act,4,0
4485,I.P.C.,376 A/511,0
4486,I.P.C.,376(2)(I),0
4487,I.P.C.,376 AB,0
4488,I.P.C.,376(2)(i),0
4489,I.P.C.,(F),1
4490,I.P.C.,(n),1
4491,POCSO Act,8,0
4494,I.P.C.,354 A,0
4495,I.P.C.,376(2)(i),0
4496,I.P.C.,354 A(3),0
4497,I.P.C.,417,0
4498,I.P.C. & POCSO Act,376(2)(f)/506; 4,0
4501,I.P.C.,354 A,0
4502,POCSO Act,4,0
4503,I.P.C.,376,0
4504,I.P.C.,34,0
4505,I.P.C.,325,0
4506,POCSO Act,8,0
4507,I.P.C.,120 B,0
4509,POCSO Act,4,0
4510,POCSO Act,4,0
4511,POCSO Act,376(d)(i)R,1
4512,POCSO Act,4,0
4513,I.P.C.,417,0
4514,I.P.C.,313,0
4516,POCSO Act,8,0
4517,I.P.C.,366 A,0
4518,I.P.C.,376(2)/376(1),0
4519,ITPA,5(1)(a),0
4520,I.P.C.,376(2)(i),0
4522,POCSO Act,6,0
4523,POCSO Act,6,0
4524,POCSO Act,6/8,0
4525,POCSO Act,6/10,0
4526,POCSO Act,376(2)(i),1
4528,POCSO Act,6,0
4529,POCSO Act,4,0
4530,POCSO Act,376,0
4531,POCSO Act,8,0
4532,I.P.C.,341/376,0
4533,I.P.C.,517,0
4534,POCSO Act,12,0
4535,POCSO Act,18,0
4536,I.P.C.,376,0
4537,I.P.C.,376(2),0
4539,I.P.C.,354 B,0
4540,POCSO Act,10,0
4541,I.P.C.,366A/376/34,0
4542,I.P.C. & POCSO Act,366 A/376; 4,0
4543,I.P.C.,376 DA,0
4544,I.P.C.,376(2)(i)/376(2)(l),0
4545,I.P.C.,376(2)(i),0
4547,I.P.C.,363,0
4548,I.P.C.,376(2)(f),0
4549,I.P.C.,511,0
4550,I.P.C.,341,0
4551,I.P.C.,457/376,0
4552,I.P.C.,366 A/342/208,0
4553,I.P.C.,448,0
4554,I.P.C.,120 B,0
4555,I.P.C.,493,0
4556,I.P.C.,506,0
4557,POCSO Act,9,0
4558,POCSO Act,---,1
4559,I.P.C.,511,0
4563,POCSO Act,23,0
4564,Information Technology Act,67 B,0
4565,I.P.C.,228 A,0
4566,I.P.C.,376(2),0
4567,POCSO Act,5(B)(iv),1
4568,I.P.C.,328(2)g,0
4569,I.P.C.,(B),1
4570,I.P.C.,376(2)(h),0
4571,POCSO Act,4,0
4572,I.P.C.,354 B/511,0
4574,POCSO Act,4,0
4575,POCSO Act,8,0
4576,POCSO Act,8,0
4577,POCSO Act,6,0
4578,POCSO Act,12,0
4579,POCSO Act,4,0
4581,POCSO Act,7,0
4582,POCSO Act,4/8,0
4583,POCSO Act,12/18,0
4584,POCSO Act,4/6,0
4585,I.P.C.,376(A)(D),0
4586,POCSO Act,---,1
4587,POCSO Act,7,0
4588,POCSO Act,376(2)(i),1
4589,POCSO Act,6,0
4590,POCSO Act,12,0
4591,POCSO Act,4,0
4592,POCSO Act,18,0
4593,POCSO Act,---,1
4594,POCSO Act,4,0
4595,POCSO Act,4/6,0
4596,POCSO Act,10,0
4597,POCSO Act,R,1
4598,POCSO Act,6,0
4599,POCSO Act,3,0
4600,I.P.C.,376 D,0
4601,I.P.C.,376,0
4602,POCSO Act,8,0
4603,POCSO Act,5(g),0
4604,I.P.C.,366 A,0
4605,I.P.C.,376(1),0
4606,POCSO Act,8,0
4607,I.P.C.,420/376 D,0
4610,I.P.C.,B),1
4613,POCSO Act,5/6,0
4615,I.P.C.,376,0
4616,POCSO Act,2,1
4617,POCSO Act,1,1
4618,POCSO Act,6,0
4619,POCSO Act,8/12,0
4620,POCSO Act,8,0
4621,I.P.C.,34,0
4622,POCSO Act,376(f),1
4623,POCSO Act,4,0
4624,POCSO Act,s(g),1
4625,I.P.C.,376(2)(g),0
4626,POCSO Act,6,0
4627,POCSO Act,14,0
4628,POCSO Act,8/10,0
4629,POCSO Act,18,0
4630,POCSO Act,4,0
4633,I.P.C.,120 B/448,0
4634,I.P.C.,376(2)(g),0
4635,POCSO Act,3,0
4636,POCSO Act,r,1
4637,POCSO Act,4,0
4638,POCSO Act,5(f),0
4639,POCSO Act,(m),1
4640,POCSO Act,376(2)(1),1
4641,POCSO Act,5,0
4642,POCSO Act,376(2)()1,1
4643,I.P.C.,366 A,0
4644,POCSO Act,5,0
4646,POCSO Act,8,0
4647,I.P.C.,448,0
4648,I.P.C.,376,0
4649,I.P.C.,366,0
4650,I.P.C.,354 A,0
4653,POCSO Act,4,0
4654,I.P.C.,498,0
4655,I.P.C.,354 A(2),0
4656,I.P.C.,347,0
4657,POCSO Act,---,1
4658,POCSO Act,4,0
4660,POCSO Act,8,0
4661,POCSO Act,7,0
4662,POCSO Act,6,0
4663,POCSO Act,14,0
4665,I.P.C.,34,0
4666,POCSO Act,12,0
4667,POCSO Act,10,0
4668,POCSO Act,8,0
4669,POCSO Act,9,0
4670,POCSO Act,4,0
4671,POCSO Act,6,0
4672,I.P.C.,302,0
4673,I.P.C.,376 DA,0
4674,I.P.C.,366 A/376,0
4675,I.P.C.,364 A,0
4677,POCSO Act,4,0
4678,POCSO Act,2012,1
4679,POCSO Act,5(m),0
4681,I.P.C.,342,0
4682,I.P.C.,354 C,0
4683,POCSO Act,16,0
4684,I.P.C.,366 A,0
4690,POCSO Act,15,0
4691,I.P.C.,344,0
4692,POCSO Act,6,0
4694,POCSO Act,7,0
4695,POCSO Act,9(I),0
4696,I.P.C.,488,0
4702,POCSO Act,5,0
4703,POCSO Act,21,0
4704,I.P.C.,316,0
4705,Protection of Women from Domestic Violence Act,3,0
4706,I.P.C.,366 A,0
4707,I.P.C.,W,1
4708,I.P.C.,360,0
4709,I.P.C.,366 B,0
4710,POCSO Act,9(1),0
4711,I.P.C.,363,0
4712,POCSO Act,4,0
4713,POCSO Act,7,0
4715,POCSO Act,10,0
4716,I.P.C.,377,0
4717,I.P.C.,34,0
4719,POCSO Act,8,0
4720,POCSO Act,12,0
4721,POCSO Act,6,0
4722,POCSO Act,376(2)(i)IPC,1
4726,POCSO Act,18,0
4728,I.P.C.,354 A,0
4729,I.P.C.,376,0
4730,POCSO Act,R,1
4731,POCSO Act,10,0
4733,I.P.C.,366 A,0
4734,POCSO Act,12/18,0
4738,I.P.C.,506,0
4742,I.P.C.,34,0
4746,I.P.C.,376,0
4747,POCSO Act,14,0
4751,POCSO Act,22,0
4752,I.P.C.,376,0
4754,I.P.C.,376,0
4755,I.P.C.,376(1),0
4757,I.P.C.,354/354 B,0
4761,I.P.C.,363,0
4762,I.P.C.,341,0
4763,I.P.C.,294,0
4764,I.P.C.,354 B,0
4767,POCSO Act,22(3),0
4770,I.P.C.,366 A,0
4771,I.P.C.,376,0
4772,I.P.C.,363,0
4773,I.P.C.,498 A,0
4774,POCSO Act,12,0
4777,I.P.C.,448,0
4786,POCSO Act,5(g),0
4789,I.P.C.,376 DA,0
4796,I.P.C.,370 A,0
4802,I.P.C.,366 A,0
4803,POCSO Act,4,0
4817,I.P.C.,366,0
4818,POCSO Act,4,0
4820,POCSO Act,8,0
4822,POCSO Act,4,0
4826,POCSO Act,7,0
4827,POCSO Act,6,0
4832,I.P.C.,419/323,0
4833,I.P.C.,376/201,0
4835,POCSO Act,4,0
4836,I.P.C.,354,0
4837,POCSO Act,6,0
4838,POCSO Act,7,0
4839,POCSO Act,8,0
4840,I.P.C.,354 A,0
4841,I.P.C.,376(2)/376(1),0
4842,POCSO Act,5(I),0
4843,POCSO Act,11,0
4844,POCSO Act,5(n),0
4845,POCSO Act,12,0
4846,POCSO Act,5,0
4847,POCSO Act,5(m),0
4848,POCSO Act,2(d),1
4849,I.P.C.,323,0
4850,I.P.C.,506,0
4851,I.P.C.,34,0
4852,POCSO Act,R,1
4853,POCSO Act,8,0
4854,I.P.C.,376,0
4855,I.P.C.,341,0
4856,I.P.C.,354 B,0
4857,POCSO Act,3,0
4858,POCSO Act,7,0
4859,I.P.C.,366 A,0
4860,POCSO Act,5(r),0
4861,POCSO Act,10,0
4862,POCSO Act,9(m),0
4863,I.P.C.,376(2),0
4864,POCSO Act,376(F),1
4865,I.P.C.,511,0
4866,POCSO Act,5(l)/5(m),0
4867,I.P.C.,354(A)(iii),0
4868,POCSO Act,7,0
4869,POCSO Act,17,0
4870,I.P.C.,521,0
4871,I.P.C.,354(i)(a),0
4872,I.P.C.,376(h),0
4873,I.P.C.,448,0
4874,POCSO Act,10,0
4875,POCSO Act,2012,1
4876,I.P.C.,342,0
4877,POCSO Act,18,0
4880,POCSO Act,9(a)(iv),0
4882,POCSO Act,4,0
4883,I.P.C.,448/354/354 B,0
4884,POCSO Act,8,0
4885,POCSO Act,4,0
4887,I.P.C. & POCSO Act,376(2); 4,0
4890,POCSO Act,8,0
4892,I.P.C.,3776,1
4893,I.P.C.,376 D/109,0
4894,POCSO Act,4,0
4897,I.P.C.,450/354,0
4899,I.P.C.,448/376/34,0
4900,I.P.C.,376(2)(e),0
4903,I.P.C. & POCSO Act,354; 4,0
4904,POCSO Act,RW,1
4905,POCSO Act,12,0
4906,POCSO Act,11/12,0
4907,POCSO Act,6,0
4908,POCSO Act,9(f),0
4909,POCSO Act,8,0
5490,POCSO Act,10,0
5491,POCSO Act,6,0
5492,POCSO Act,8,0
5493,POCSO Act,10,0
5494,I.P.C.,34,0
5495,POCSO Act,5(n),0
5496,I.P.C.,366 A,0
5497,I.P.C.,376,0
5498,I.P.C.,174 A,0
5499,POCSO Act,8,0
5500,I.P.C.,506,0
5501,POCSO Act,21,0
5502,POCSO Act,21,0
5503,I.P.C.,34,0
5504,I.P.C.,376(2)(i),0
5505,I.P.C.,354,0
5506,I.P.C.,452,0
5507,I.P.C.,506,0
5508,I.P.C.,120 B,0
5509,I.P.C.,34,0
5510,POCSO Act,8,0
5511,POCSO Act,12,0
5512,POCSO Act,21,0
5513,POCSO Act,12,0
5514,POCSO Act,8,0
5515,I.P.C.,366,0
5516,POCSO Act,12,0
5517,I.P.C.,376 D,0
5518,POCSO Act,6,0
5519,POCSO Act,10,0
5520,I.P.C.,506,0
5521,POCSO Act,10,0
5522,I.P.C.,323,0
5523,I.P.C.,451,0
5524,I.P.C.,506,0
5525,I.P.C.,34,0
5526,POCSO Act,10,0
5527,POCSO Act,6,0
5528,I.P.C.,376,0
5529,POCSO Act,10,0
5530,POCSO Act,6,0
5531,POCSO Act,6,0
5532,I.P.C.,366,0
5533,POCSO Act,4,0
5534,I.P.C.,343,0
5535,I.P.C.,376 D,0
5536,I.P.C.,509,0
5537,I.P.C.,34,0
5538,POCSO Act,12,0
5540,I.P.C.,376,0
5541,POCSO Act,6,0
5542,I.P.C.,354 B,0
5543,I.P.C.,323,0
5544,I.P.C.,506,0
5545,I.P.C.,368,0
5546,I.P.C.,370,0
5547,POCSO Act,9(m),0
5548,POCSO Act,10,0
5549,POCSO Act,6,0
5550,I.P.C.,509,0
5551,I.P.C.,354 D,0
5552,I.P.C.,506,0
5553,I.P.C.,34,0
5554,POCSO Act,12,0
5555,POCSO Act,12,0
5556,I.P.C.,354 A(i),0
5557,POCSO Act,5,0
5558,I.P.C.,506,0
5559,I.P.C.,323,0
5560,POCSO Act,5(m)/5(n),0
5561,I.P.C.,342,0
5562,I.P.C.,377,0
5563,I.P.C.,34,0
5564,POCSO Act,6,0
5566,POCSO Act,11,0
5567,POCSO Act,6,0
5568,I.P.C.,511,0
5569,I.P.C.,354,0
5570,I.P.C.,354 B,0
5571,I.P.C.,323,0
5572,I.P.C.,34,0
5573,I.P.C.,366,0
5574,POCSO Act,10,0
5575,POCSO Act,5(l),0
5576,POCSO Act,(m),1
5577,POCSO Act,(n),1
5578,I.P.C.,34,0
5579,POCSO Act,8,0
5581,POCSO Act,5(j)(ii)/5(l),0
5582,I.P.C.,376(2)(n),0
5583,POCSO Act,6,0
5584,I.P.C.,354,0
5585,POCSO Act,6,0
5586,I.P.C.,511,0
5587,POCSO Act,8,0
5588,POCSO Act,12,0
5589,I.P.C.,328,0
5590,I.P.C.,342,0
5591,I.P.C.,376 D,0
5592,I.P.C.,120 B,0
5593,POCSO Act,8,0
5594,POCSO Act,12,0
5595,I.P.C.,509,0
5596,I.P.C.,506,0
5597,POCSO Act,8,0
5598,POCSO Act,11,0
5599,POCSO Act,12,0
5600,I.P.C.,451,0
5601,I.P.C.,354,0
5602,I.P.C.,354 B,0
5603,I.P.C.,376,0
5604,POCSO Act,10,0
5605,POCSO Act,11,0
5606,I.P.C.,354,0
5607,POCSO Act,18,0
5608,POCSO Act,4,0
5609,I.P.C.,342,0
5610,I.P.C.,354,0
5611,I.P.C.,506,0
5612,POCSO Act,12,0
5613,I.P.C.,346,0
5614,I.P.C.,366,0
5615,I.P.C.,370,0
5616,I.P.C.,370 A,0
5617,I.P.C.,354 A,0
5618,I.P.C.,376,0
5619,POCSO Act,8,0
5620,I.P.C.,376,0
5621,POCSO Act,11,0
5622,I.P.C.,354 A,0
5623,I.P.C.,506,0
5624,POCSO Act,6,0
5625,I.P.C.,363,0
5626,I.P.C.,366,0
5627,I.P.C.,376(2),0
5628,I.P.C.,323,0
5629,I.P.C.,370,0
5630,I.P.C.,373,0
5631,I.P.C.,34,0
5632,POCSO Act,4,0
5633,I.P.C.,342,0
5634,I.P.C.,376,0
5635,POCSO Act,6,0
5636,POCSO Act,10,0
5637,POCSO Act,10,0
5638,I.P.C.,506,0
5639,POCSO Act,6,0
5640,I.P.C.,341,0
5641,I.P.C.,354,0
5642,I.P.C.,34,0
5643,I.P.C.,509,0
5644,POCSO Act,12,0
5645,I.P.C.,363,0
5646,I.P.C.,365,0
5647,POCSO Act,17,0
5648,POCSO Act,10,0
5649,I.P.C.,376,0
5650,I.P.C.,506,0
5651,POCSO Act,10,0
5652,POCSO Act,6,0
5653,POCSO Act,5,0
5654,POCSO Act,6,0
5655,POCSO Act,6,0
5656,POCSO Act,10,0
5660,I.P.C.,376(3),0
5661,I.P.C.,376,0
5662,POCSO Act,10,0
5663,I.P.C.,451,0
5664,I.P.C.,376,0
5665,POCSO Act,21,0
5666,POCSO Act,12,0
5667,I.P.C.,174 A ,0
5668,I.P.C.,506,0
5669,I.P.C.,354,0
5670,I.P.C.,451,0
5671,I.P.C.,34,0
5672,I.P.C.,506,0
5673,I.P.C.,109,0
5674,Information Technology Act,67 B,0
5675,POCSO Act,4,0
5676,I.P.C.,363,0
5677,I.P.C.,376,0
5678,I.P.C.,506,0
5679,I.P.C.,354 D,0
5680,POCSO Act,12,0
5681,I.P.C.,354,0
5682,I.P.C.,342,0
5683,POCSO Act,5(g)/5(k),0
5684,POCSO Act,8,0
5685,POCSO Act,10,0
5686,I.P.C.,354,0
5687,I.P.C.,382,0
5688,I.P.C.,376 D,0
5689,I.P.C.,354 D,0
5690,I.P.C.,376,0
5691,I.P.C.,354,0
5692,POCSO Act,12,0
5693,POCSO Act,8,0
5694,POCSO Act,12,0
5695,I.P.C.,363,0
5696,I.P.C.,376,0
5697,I.P.C.,377,0
5698,POCSO Act,6,0
5699,POCSO Act,21,0
5700,I.P.C.,342,0
5701,POCSO Act,4,0
5702,POCSO Act,12,0
5703,I.P.C.,427,0
5704,I.P.C.,376,0
5705,I.P.C.,344,0
5706,I.P.C.,376,0
5707,POCSO Act,17,0
5708,I.P.C.,377,0
5710,I.P.C.,376,0
5711,I.P.C.,109,0
5712,POCSO Act,6,0
5713,POCSO Act,17,0
5714,POCSO Act,8,0
5715,I.P.C.,342,0
5716,I.P.C.,377,0
5717,POCSO Act,6,0
5718,I.P.C.,376,0
5719,I.P.C.,352,0
5720,I.P.C.,376,0
5721,POCSO Act,12,0
5722,I.P.C.,376,0
5723,POCSO Act,8,0
5726,I.P.C.,354 B,0
5727,I.P.C.,376,0
5728,I.P.C.,376,0
5729,I.P.C.,342,0
5730,I.P.C.,376,0
5731,I.P.C.,511,0
5732,I.P.C.,376,0
5733,POCSO Act,9,0
5734,I.P.C.,427,0
5735,I.P.C.,342,0
5736,I.P.C.,370 A,0
5737,I.P.C.,451,0
5738,POCSO Act,6,0
5739,I.P.C.,342,0
5740,I.P.C.,377,0
5741,POCSO Act,6,0
5742,I.P.C.,376,0
5743,I.P.C.,363,0
5744,I.P.C.,342,0
5745,I.P.C.,368,0
5746,POCSO Act,12,0
5747,I.P.C.,342,0
5748,POCSO Act,10,0
5749,I.P.C.,376,0
5750,I.P.C.,343,0
5751,I.P.C.,324,0
5752,I.P.C.,376,0
5753,I.P.C.,376,0
5754,I.P.C.,365,0
5755,I.P.C.,354 D,0
5756,I.P.C.,506,0
5757,I.P.C.,34,0
5758,I.P.C.,354,0
5759,I.P.C.,363,0
5760,I.P.C.,452,0
5761,I.P.C.,511,0
5762,I.P.C.,450,0
5763,POCSO Act,10,0
5765,I.P.C.,376,0
5767,I.P.C.,376 D,0
5768,I.P.C.,354 B,0
5769,I.P.C.,376,0
5770,POCSO Act,34,0
5771,I.P.C.,504,0
5772,I.P.C.,342,0
5773,POCSO Act,12,0
5774,I.P.C.,376,0
5775,I.P.C.,344,0
5776,I.P.C.,376,0
5777,I.P.C.,376,0
5778,I.P.C.,354 B,0
5780,I.P.C.,376,0
5781,I.P.C.,377,0
5782,I.P.C.,342,0
5783,POCSO Act,4,0
5784,I.P.C.,354,0
5785,I.P.C.,452,0
5786,POCSO Act,10,0
5787,POCSO Act,18,0
5788,I.P.C.,354 B,0
5789,POCSO Act,10,0
5790,I.P.C.,367,0
5791,I.P.C.,368,0
5792,I.P.C.,506,0
5793,I.P.C.,377,0
5794,I.P.C.,506,0
5795,POCSO Act,10,0
5796,I.P.C.,354,0
5797,I.P.C.,354 A,0
5798,I.P.C.,376,0
5799,I.P.C.,509,0
5800,I.P.C.,376,0
5801,I.P.C.,313,0
5802,I.P.C.,323,0
5803,I.P.C.,506,0
5804,I.P.C.,354,0
5805,I.P.C.,354,0
5806,POCSO Act,6,0
5807,POCSO Act,10,0
5808,POCSO Act,18,0
5809,I.P.C.,506,0
5810,I.P.C.,354 A,0
5811,I.P.C.,354 D,0
5812,POCSO Act,12,0
5813,I.P.C.,506,0
5814,I.P.C.,509,0
5815,POCSO Act,12,0
5816,POCSO Act,6,0
5817,POCSO Act,8,0
5818,POCSO Act,10,0
5819,POCSO Act,12,0
5820,I.P.C.,354 A,0
5821,I.P.C.,354 B,0
5822,I.P.C.,376(3),0
5823,I.P.C.,506,0
5824,POCSO Act,8,0
5825,I.P.C.,376,0
5826,I.P.C.,376 A,0
5827,I.P.C.,376 B,0
5828,POCSO Act,10,0
5829,I.P.C.,506,0
5830,I.P.C.,366 A,0
5831,I.P.C.,366,0
5832,I.P.C.,376,0
5833,POCSO Act,6,0
5834,POCSO Act,8,0
5835,I.P.C.,376,0
5836,I.P.C.,506,0
5837,I.P.C.,506,0
5838,I.P.C.,376 DB,0
5839,I.P.C.,302,0
5840,I.P.C.,34,0
5841,POCSO Act,6,0
5842,POCSO Act,8,0
5843,POCSO Act,10,0
5844,I.P.C.,506,0
5845,I.P.C.,34,0
5846,POCSO Act,17,0
5847,I.P.C.,211,0
5848,I.P.C.,182,0
5849,I.P.C.,120 B,0
5850,POCSO Act,6,0
5851,I.P.C.,506,0
5852,POCSO Act,10,0
5853,I.P.C.,323,0
5854,I.P.C.,34,0
5855,I.P.C.,376(2)(n),0
5856,I.P.C.,376(2)(f),0
5857,I.P.C.,506,0
5858,I.P.C.,354 B,0
5859,I.P.C.,354 D,0
5860,I.P.C.,341,0
5861,I.P.C.,323,0
5862,POCSO Act,12,0
5863,POCSO Act,10,0
5864,I.P.C.,354,0
5865,I.P.C.,354 B,0
5866,I.P.C.,509,0
5867,I.P.C.,342,0
5868,I.P.C.,506,0
5869,I.P.C.,377,0
5870,POCSO Act,10,0
5871,I.P.C.,366,0
5872,I.P.C.,376,0
5873,I.P.C.,120 B,0
5874,I.P.C.,376,0
5875,I.P.C.,354 D,0
5876,I.P.C.,323,0
5877,POCSO Act,12,0
5878,POCSO Act,8,0
5879,POCSO Act,12,0
5880,I.P.C.,366,0
5881,I.P.C.,376,0
5882,I.P.C.,376,0
5883,I.P.C.,354 D,0
5884,POCSO Act,18,0
5885,POCSO Act,8,0
5886,I.P.C.,354,0
5887,I.P.C.,506,0
5888,I.P.C.,363,0
5889,I.P.C.,366,0
5890,I.P.C.,506,0
5891,POCSO Act,8,0
5892,I.P.C.,354 B,0
5893,I.P.C.,363,0
5894,I.P.C.,366,0
5895,I.P.C.,344,0
5896,I.P.C.,376,0
5897,I.P.C.,34,0
5898,I.P.C.,376,0
5900,I.P.C.,341,0
5901,I.P.C.,323,0
5902,I.P.C.,34,0
5903,POCSO Act,12,0
5904,I.P.C.,354,0
5905,I.P.C.,506,0
5906,I.P.C.,509,0
5907,I.P.C.,34,0
5908,POCSO Act,12,0
5909,POCSO Act,8,0
5910,POCSO Act,10,0
5911,I.P.C.,A,1
5912,POCSO Act,12,0
5913,POCSO Act,10,0
5914,I.P.C.,328,0
5915,I.P.C.,342,0
5916,I.P.C.,506,0
5917,I.P.C.,376,0
5918,POCSO Act,6,0
5919,I.P.C.,506,0
5920,I.P.C.,506,0
5921,POCSO Act,17,0
5922,POCSO Act,21,0
5923,I.P.C.,34,0
5924,I.P.C.,376 B,0
5925,POCSO Act,6,0
5926,POCSO Act,6,0
5927,I.P.C.,506,0
5928,I.P.C.,509,0
5929,POCSO Act,21,0
5930,I.P.C.,323,0
5931,I.P.C.,354 A,0
5932,I.P.C.,354 B,0
5933,I.P.C.,366 A,0
5934,I.P.C.,376,0
5935,I.P.C.,506,0
5936,I.P.C.,120 B,0
5937,I.P.C.,34,0
5938,POCSO Act,12,0
5939,I.P.C.,324,0
5940,I.P.C.,34,0
5941,POCSO Act,6,0
5942,I.P.C.,376,0
5943,I.P.C.,506,0
5944,I.P.C.,34,0
5945,I.P.C.,366 A,0
5946,I.P.C.,354,0
5947,I.P.C.,354 B,0
5948,I.P.C.,120 B,0
5949,I.P.C.,506,0
5950,POCSO Act,8,0
5951,POCSO Act,17,0
5952,I.P.C.,376,0
5953,I.P.C.,342,0
5954,POCSO Act,6,0
5955,I.P.C.,506,0
5956,I.P.C.,354 D,0
5957,I.P.C.,506,0
5958,I.P.C.,323,0
5959,I.P.C.,342,0
5960,I.P.C.,354,0
5961,I.P.C.,354 A,0
5962,I.P.C.,354 B,0
5963,I.P.C.,451,0
5964,POCSO Act,8,0
5965,POCSO Act,12,0
5966,I.P.C.,366,0
5967,I.P.C.,376,0
5968,I.P.C.,174 A,0
5969,I.P.C.,376,0
5970,I.P.C.,506,0
5971,POCSO Act,6,0
5972,POCSO Act,21,0
5973,I.P.C.,356,0
5974,I.P.C.,506,0
5975,I.P.C.,354 A,0
5976,POCSO Act,12,0
5977,I.P.C.,341,0
5978,I.P.C.,506,0
5979,I.P.C.,34,0
5980,POCSO Act,12,0
5981,I.P.C.,376,0
5982,I.P.C.,366,0
5983,I.P.C.,506,0
5984,I.P.C.,342,0
5985,POCSO Act,6,0
5986,I.P.C.,506,0
5987,I.P.C.,509,0
5988,I.P.C.,34,0
5989,POCSO Act,10,0
5990,I.P.C.,342,0
5991,I.P.C.,363,0
5992,I.P.C.,323,0
5994,I.P.C.,366 A,0
5995,I.P.C.,376,0
5996,POCSO Act,6,0
5997,I.P.C.,366,0
5998,I.P.C.,354 D,0
5999,I.P.C.,506,0
6000,I.P.C.,354 D,0
6001,I.P.C.,509,0
6002,I.P.C.,506,0
6003,I.P.C.,363,0
6004,I.P.C.,376,0
6005,I.P.C.,376,0
6006,I.P.C.,366,0
6007,I.P.C.,376,0
6008,I.P.C.,506,0
6009,POCSO Act,21,0
6010,I.P.C.,376,0
6011,I.P.C.,354 D,0
6012,I.P.C.,506,0
6013,I.P.C.,509,0
6014,POCSO Act,12,0
6015,I.P.C.,341,0
6016,I.P.C.,509,0
6017,I.P.C.,376,0
6018,I.P.C.,366 A,0
6019,PCMA,10,0
6020,PCMA,11,0
6027,I.P.C.,506,0
6028,I.P.C.,354 A,0
6029,I.P.C.,506,0
6030,I.P.C.,509,0
6031,I.P.C.,342,0
6032,I.P.C.,34,0
6033,I.P.C.,342,0
6034,I.P.C.,507,0
6035,I.P.C.,354 B,0
6036,I.P.C.,34,0
6037,I.P.C.,376 D,0
6038,I.P.C.,506,0
6039,I.P.C.,354 A,0
6040,I.P.C.,451,0
6041,I.P.C.,506,0
6042,I.P.C.,509,0
6043,I.P.C.,506,0
6044,I.P.C.,506,0
6045,"SC/ST Amendment Act, 2015",3(1)(w)(i),0
6046,POCSO Act,POCSO Act,1
6051,POCSO Act,6,0
6052,POCSO Act,17,0
6053,POCSO Act,17,0
6056,I.P.C.,511,0
6057,I.P.C.,354 A,0
6060,"SC/ST Amendment Act, 2015",3(1)(w),0
6062,I.P.C.,366 A,0
6067,I.P.C.,34,0
6068,I.P.C.,342,0
6069,I.P.C.,506,0
6070,I.P.C.,376,0
6074,I.P.C.,451,0
6087,I.P.C.,363,0
6095,I.P.C.,34,0
6098,I.P.C.,506,0
6099,POCSO Act,8,0
6100,I.P.C.,376(2)(n),0
6102,I.P.C.,511,0
6103,I.P.C.,376,0
6104,I.P.C.,511,0
6105,POCSO Act,18,0
6106,I.P.C.,376(3),0
6107,I.P.C.,511,0
6108,POCSO Act,10,0
6109,I.P.C.,354,0
6110,I.P.C.,313,0
6111,I.P.C.,342,0
6112,I.P.C.,354,0
6113,I.P.C.,354(D)354 D,0
6114,I.P.C.,313,0
6115,I.P.C.,294,0
6116,I.P.C.,376 AB,0
6117,I.P.C.,294,0
6118,I.P.C.,342,0
6119,I.P.C.,420,0
6120,POCSO Act,6,0
6121,I.P.C.,376,0
6122,I.P.C.,376,0
6123,I.P.C.,366 A,0
6124,I.P.C.,376,0
6125,I.P.C.,376(2)(f),0
6126,I.P.C.,376(2)(h),0
6127,I.P.C.,354 A(2),0
6132,Information Technology Act,67,0
6148,I.P.C.,354 B,0
6149,I.P.C.,376(3),0
6150,I.P.C.,376,0
6151,I.P.C.,376 DA,0
6152,Information Technology Act,67,0
6153,I.P.C.,376,0
6154,I.P.C.,294,0
6155,I.P.C.,376,0
6156,I.P.C.,376(3),0
6157,I.P.C.,376,0
6159,I.P.C.,376,0
6160,I.P.C.,366 A,0
6161,I.P.C.,511,0
6162,I.P.C.,307,0
6163,POCSO Act,A,1
6164,I.P.C.,506,0
6165,I.P.C.,343,0
6166,I.P.C.,354 B,0
6167,I.P.C.,376,0
6168,I.P.C.,511,0
6169,I.P.C.,354,0
6170,I.P.C.,376,0
6171,I.P.C.,376 AB,0
6172,I.P.C.,376,0
6173,I.P.C.,376,0
6174,I.P.C.,294,0
6175,I.P.C.,354 B,0
6176,I.P.C.,500,0
6177,POCSO Act,14,0
6178,I.P.C.,376,0
6179,I.P.C.,376(3),0
6181,I.P.C.,354 B,0
6182,I.P.C.,354,0
6183,I.P.C.,376,0
6184,I.P.C.,307,0
6185,POCSO Act,17,0
6186,I.P.C.,342,0
6187,I.P.C.,420,0
6188,I.P.C.,376,0
6189,I.P.C.,376,0
6190,I.P.C.,376(3),0
6191,I.P.C.,376,0
6192,I.P.C.,511,0
6193,I.P.C.,376,0
6194,I.P.C.,376,0
6195,I.P.C.,376(3),0
6196,I.P.C.,354,0
6197,I.P.C.,313,0
6198,I.P.C.,354,0
6199,I.P.C.,376 DA,0
6200,I.P.C.,371,0
6201,I.P.C.,376,0
6202,I.P.C.,376(3),0
6203,I.P.C.,366 A,0
6204,POCSO Act,17,0