state_name,district_name,purpose,updated_purpose,total_hearings
Assam,Baksa,Appearance,Miscellaneous Appearance,53
Assam,Baksa,Appearance/Copy,Miscellaneous Appearance,109
Assam,Baksa,Arguments,Miscellaneous Arguments,75
Assam,Baksa,Case Diary,Miscellaneous,1
Assam,Baksa,Consideration of Charge(C.C),Charge,127
Assam,Baksa,C opy,Miscellaneous Appearance,10
Assam,Baksa,Copy,Miscellaneous Appearance,19
Assam,Baksa,Cross of PWS,Prosecution Evidence,3
Assam,Baksa,Defence Evidence,Defence Evidence,1
Assam,Baksa,Defense Witness,Defence Evidence,8
Assam,Baksa,Disposed,Judgement,58
Assam,Baksa,Evidence,Other Evidence,835
Assam,Baksa,Hearing,Miscellaneous,5
Assam,Baksa,Hearing on Petition,Miscellaneous,1
Assam,Baksa,Judgment,Judgement,48
Assam,Baksa,Necessary Order,Miscellaneous Order,7
Assam,Baksa,Objection,Miscellaneous,1
Assam,Baksa,Objection Hearing,Miscellaneous,2
Assam,Baksa,Order,Miscellaneous Order,1
Assam,Baksa,Production/C.C.,Charge,4
Assam,Baksa,Production/Evidence,Prosecution Evidence,61
Assam,Baksa,Production of Accused,Miscellaneous Appearance,148
Assam,Baksa,Production through VC,Miscellaneous Appearance,7
Assam,Baksa,Prosecution Evidence,Prosecution Evidence,3
Assam,Baksa,put up,Miscellaneous,1
Assam,Baksa,Report,Miscellaneous,44
Assam,Baksa,Report/Appearance,Miscellaneous Appearance,3
Assam,Baksa,Revoked,Miscellaneous,16
Assam,Baksa,S/D and argument,Defence Evidence,4
Assam,Baksa,Statement Defence and Argument,Defence Evidence,37
Assam,Barpeta,313 Cr.Pc STatement,Statement of Accused,6
Assam,Barpeta,Appearance and Report,Miscellaneous Appearance,11
Assam,Barpeta,Appearence and C.C.,Charge,3
Assam,Barpeta,Appearence of the accused,Miscellaneous Appearance,7
Assam,Barpeta,Appereance,Miscellaneous Appearance,1051
Assam,Barpeta,Arguments,Miscellaneous Arguments,241
Assam,Barpeta,Case Diary,Miscellaneous,2
Assam,Barpeta,Consideration of Charge(C.C),Charge,572
Assam,Barpeta,Copy,Miscellaneous Appearance,204
Assam,Barpeta,Copy.,Miscellaneous Appearance,12
Assam,Barpeta,Cost of Nazir,Miscellaneous,1
Assam,Barpeta,Court/Official  witness,Other Evidence,1
Assam,Barpeta,Cross examination of Prosecution Witness,Prosecution Evidence,1
Assam,Barpeta,Defence Evidence,Defence Evidence,13
Assam,Barpeta,Defendant Witness,Defence Evidence,5
Assam,Barpeta,Defense Witness,Defence Evidence,28
Assam,Barpeta,Disposed,Judgement,276
Assam,Barpeta,Evidence,Other Evidence,1507
Assam,Barpeta,Evidence After Charge,Prosecution Evidence,18
Assam,Barpeta,Evidence of Enquiry Officer (EO),Other Evidence,2
Assam,Barpeta,Evidence of I.O,Prosecution Evidence,70
Assam,Barpeta,Evidence of I.O.,Prosecution Evidence,2
Assam,Barpeta,Evidence of M.O.,Prosecution Evidence,23
Assam,Barpeta,Evidence of PWs,Prosecution Evidence,11
Assam,Barpeta,Examination,Other Evidence,2
Assam,Barpeta,Examination of I/O,Prosecution Evidence,4
Assam,Barpeta,For Copy,Miscellaneous Appearance,13
Assam,Barpeta,Further Evidence,Other Evidence,895
Assam,Barpeta,hearing,Miscellaneous,5
Assam,Barpeta,Hearing on C. C.,Charge,6
Assam,Barpeta,Hearing on Petition,Miscellaneous,4
Assam,Barpeta,Hearing on Sentence,Sentence,1
Assam,Barpeta,Inventory Report,Miscellaneous,1
Assam,Barpeta,Judgement,Judgement,199
Assam,Barpeta,Necessary Order,Miscellaneous Order,43
Assam,Barpeta,Order,Miscellaneous Order,9
Assam,Barpeta,Production of Accused,Miscellaneous Appearance,96
Assam,Barpeta,Record,Miscellaneous,3
Assam,Barpeta,Report,Miscellaneous,5
Assam,Barpeta,Revoked,Miscellaneous,8
Assam,Barpeta,Service Report,Miscellaneous,2
Assam,Barpeta,Statement/defence,Defence Evidence,40
Assam,Barpeta,Statement/Defense,Defence Evidence,33
Assam,Barpeta,Statement/Defense/Argument,Defence Evidence,73
Assam,Barpeta,Statement of Accused,Statement of Accused,33
Assam,Bongaigaon,Appearence,Miscellaneous Appearance,66
Assam,Bongaigaon,Appereance,Miscellaneous Appearance,28
Assam,Bongaigaon,Arguments,Miscellaneous Arguments,80
Assam,Bongaigaon,Charge,Charge,1
Assam,Bongaigaon,Consideration of Charge(C.C),Charge,50
Assam,Bongaigaon,Copy,Miscellaneous Appearance,48
Assam,Bongaigaon,Defence Evidence,Defence Evidence,4
Assam,Bongaigaon,Disposed,Judgement,41
Assam,Bongaigaon,Enquiry,Miscellaneous,1
Assam,Bongaigaon,Evidence,Other Evidence,533
Assam,Bongaigaon,Evidence of I.O,Prosecution Evidence,49
Assam,Bongaigaon,Evidence on Official Witness,Other Evidence,6
Assam,Bongaigaon,For I.O,Prosecution Evidence,1
Assam,Bongaigaon,For Judgement,Judgement,15
Assam,Bongaigaon,For Put up,Miscellaneous,1
Assam,Bongaigaon,Further Arguments,Miscellaneous Arguments,3
Assam,Bongaigaon,Further Evidence,Other Evidence,63
Assam,Bongaigaon,Hearing,Miscellaneous,11
Assam,Bongaigaon,Hearing on C. C.,Charge,1
Assam,Bongaigaon,Hearing on Petition,Miscellaneous,1
Assam,Bongaigaon,Judgement,Judgement,35
Assam,Bongaigaon,Official Witness,Other Evidence,2
Assam,Bongaigaon,Production of Accused,Miscellaneous Appearance,30
Assam,Bongaigaon,Remanded Till,Miscellaneous,21
Assam,Bongaigaon,Report,Miscellaneous,5
Assam,Bongaigaon,SD,Defence Evidence,4
Assam,Bongaigaon,SD and Argument,Defence Evidence,10
Assam,Bongaigaon,Statement Defence and Argument,Defence Evidence,3
Assam,Bongaigaon,Statement of Accused,Statement of Accused,18
Assam,Cachar,Appearance,Miscellaneous Appearance,686
Assam,Cachar,Appearance and Charge.,Charge,17
Assam,Cachar,Appearence and Record,Miscellaneous Appearance,4
Assam,Cachar,Argument.,Miscellaneous Arguments,218
Assam,Cachar,Case Diary,Miscellaneous,1
Assam,Cachar,Charge,Charge,50
Assam,Cachar,Consideration of Charge(C.C),Charge,314
Assam,Cachar,Copy,Miscellaneous Appearance,13
Assam,Cachar,Copy.,Miscellaneous Appearance,71
Assam,Cachar,Cross-Examination.,Other Evidence,56
Assam,Cachar,Cross Examination of Defense Witness,Defence Evidence,3
Assam,Cachar,Cross examination of Prosecution Witness,Prosecution Evidence,2
Assam,Cachar,Defence Evidence,Defence Evidence,6
Assam,Cachar,Defendant Witness,Defence Evidence,16
Assam,Cachar,Defense Witness,Defence Evidence,10
Assam,Cachar,Deposition,Other Evidence,3
Assam,Cachar,Disposed,Judgement,117
Assam,Cachar,Evidence,Other Evidence,1253
Assam,Cachar,Evidence of I/O,Prosecution Evidence,64
Assam,Cachar,Evidence of I/O and M/O.,Prosecution Evidence,5
Assam,Cachar,F.F. (Report in Final Form),Miscellaneous,263
Assam,Cachar,Further Argument,Miscellaneous Arguments,2
Assam,Cachar,Further Evidence,Other Evidence,292
Assam,Cachar,Further Hearing,Miscellaneous,8
Assam,Cachar,Hearing,Miscellaneous,29
Assam,Cachar,Hearing of Bail Application,Bail,1
Assam,Cachar,Hearing on C.C.,Charge,3
Assam,Cachar,Hearing on Petition,Miscellaneous,23
Assam,Cachar,Judgement,Judgement,66
Assam,Cachar,Necessary Order,Miscellaneous Order,46
Assam,Cachar,Objection,Miscellaneous,4
Assam,Cachar,Objection and objection Hearing,Miscellaneous,1
Assam,Cachar,Production of Accused,Miscellaneous Appearance,229
Assam,Cachar,Record,Miscellaneous,4
Assam,Cachar,Remanded Till,Miscellaneous,5
Assam,Cachar,Report,Miscellaneous,25
Assam,Cachar,Report on W/A.,Miscellaneous Appearance,4
Assam,Cachar,Return of P and A with report.,Miscellaneous Appearance,2
Assam,Cachar,Return of P and A with report. ( SINEDIE CASE ),Miscellaneous Appearance,1
Assam,Cachar,Revoked,Miscellaneous,3
Assam,Cachar,S/D and Argument.,Defence Evidence,12
Assam,Cachar,Service Report/Record,Miscellaneous,7
Assam,Cachar,Statement of Accused,Statement of Accused,2
Assam,Cachar,Statement of defence,Defence Evidence,95
Assam,Chirang,Appereance,Miscellaneous Appearance,79
Assam,Chirang,Arguments,Miscellaneous Arguments,48
Assam,Chirang,Case Diary,Miscellaneous,2
Assam,Chirang,Charge,Charge,3
Assam,Chirang,Consideration of Charge(C.C),Charge,30
Assam,Chirang,Copy,Miscellaneous Appearance,17
Assam,Chirang,Court/Official  witness,Other Evidence,6
Assam,Chirang,Defence Evidence,Defence Evidence,2
Assam,Chirang,Defendant Witness,Defence Evidence,1
Assam,Chirang,Defense Witness,Defence Evidence,2
Assam,Chirang,Disposed,Judgement,73
Assam,Chirang,Enquiry,Miscellaneous,12
Assam,Chirang,Evidence,Other Evidence,179
Assam,Chirang,Evidence of IO,Prosecution Evidence,1
Assam,Chirang,Further Evidence,Other Evidence,149
Assam,Chirang,Further Hearing,Miscellaneous,1
Assam,Chirang,Hearing,Miscellaneous,2
Assam,Chirang,Hearing on C. C.,Charge,20
Assam,Chirang,Hearing on Sentence,Sentence,1
Assam,Chirang,Inquiry,Miscellaneous,8
Assam,Chirang,IO,Prosecution Evidence,75
Assam,Chirang,Judgement,Judgement,41
Assam,Chirang,MO,Prosecution Evidence,38
Assam,Chirang,MO and IO,Prosecution Evidence,16
Assam,Chirang,M.O. & I.O.,Prosecution Evidence,3
Assam,Chirang,Necessary Order,Miscellaneous Order,5
Assam,Chirang,Production and Evidence,Prosecution Evidence,76
Assam,Chirang,Production of Accused,Miscellaneous Appearance,22
Assam,Chirang,Prosecution Evidence,Prosecution Evidence,12
Assam,Chirang,Prosecution Witness,Prosecution Evidence,135
Assam,Chirang,PWS and MO and IO,Prosecution Evidence,1
Assam,Chirang,Report,Miscellaneous,3
Assam,Chirang,Revoked,Miscellaneous,1
Assam,Chirang,Statement Defence and Argument,Defence Evidence,25
Assam,Chirang,Statement of Accused,Statement of Accused,6
Assam,Chirang,Statement of accused u/s 313 Cr.P.C.,Statement of Accused,34
Assam,Chirang,Steps,Miscellaneous,1
Assam,Chirang,Transfer,Transfer,1
Assam,Chirang,Written Statement,Miscellaneous,1
Assam,Darrang,Appereance,Miscellaneous Appearance,432
Assam,Darrang,Arguments,Miscellaneous Arguments,97
Assam,Darrang,Case Diary,Miscellaneous,2
Assam,Darrang,Charge,Charge,2
Assam,Darrang,Consideration of Charge(C.C),Charge,191
Assam,Darrang,Copy,Miscellaneous Appearance,11
Assam,Darrang,copy for,Miscellaneous,70
Assam,Darrang,Cross examination of Prosecution Witness,Prosecution Evidence,1
Assam,Darrang,Defence Evidence,Defence Evidence,2
Assam,Darrang,Defense Witness,Defence Evidence,6
Assam,Darrang,Disposed,Judgement,59
Assam,Darrang,Documents,Miscellaneous,3
Assam,Darrang,Evidence,Other Evidence,1015
Assam,Darrang,Evidence of I/O,Prosecution Evidence,1
Assam,Darrang,Further Evidence,Other Evidence,11
Assam,Darrang,Judgement,Judgement,29
Assam,Darrang,Necessary Order,Miscellaneous Order,6
Assam,Darrang,Order,Miscellaneous Order,3
Assam,Darrang,Production of Accused,Miscellaneous Appearance,104
Assam,Darrang,Prosecution Witness,Prosecution Evidence,22
Assam,Darrang,Report,Miscellaneous,27
Assam,Darrang,Revoked,Miscellaneous,3
Assam,Darrang,Statement of Accused,Statement of Accused,61
Assam,Dhemaji,313 Cr.P.C Statement,Statement of Accused,129
Assam,Dhemaji,Appearance of accused,Miscellaneous Appearance,78
Assam,Dhemaji,Appereance of parties/ advocates,Miscellaneous Appearance,41
Assam,Dhemaji,Arguments,Miscellaneous Arguments,186
Assam,Dhemaji,Case Diary,Miscellaneous,3
Assam,Dhemaji,Charge,Charge,45
Assam,Dhemaji,Consideration of Charge(C.C),Charge,31
Assam,Dhemaji,Copies,Miscellaneous Appearance,15
Assam,Dhemaji,Court/Official  witness,Other Evidence,5
Assam,Dhemaji,Cross examination of Plaintiff/Claimant Witness,Prosecution Evidence,7
Assam,Dhemaji,Defence Evidence,Defence Evidence,12
Assam,Dhemaji,Disposed,Judgement,87
Assam,Dhemaji,E.O.,Other Evidence,27
Assam,Dhemaji,Evidence,Other Evidence,893
Assam,Dhemaji,Evidence of I.O,Prosecution Evidence,5
Assam,Dhemaji,Further Evidence,Other Evidence,3
Assam,Dhemaji,Hearing,Miscellaneous,1
Assam,Dhemaji,Hearing on C. C.,Charge,46
Assam,Dhemaji,I.O,Prosecution Evidence,33
Assam,Dhemaji,IO,Prosecution Evidence,3
Assam,Dhemaji,Judgement,Judgement,101
Assam,Dhemaji,M.O,Prosecution Evidence,4
Assam,Dhemaji,M.O.,Prosecution Evidence,3
Assam,Dhemaji,M.O. and amp I.O.,Prosecution Evidence,7
Assam,Dhemaji,Necessary Order,Miscellaneous Order,22
Assam,Dhemaji,Plantiff Witness,Prosecution Evidence,1
Assam,Dhemaji,Production of Accused,Miscellaneous Appearance,46
Assam,Dhemaji,Report,Miscellaneous,24
Assam,Dhemaji,Report of N.B.W.A,Miscellaneous Appearance,9
Assam,Dhemaji,Report of P and A,Miscellaneous Appearance,6
Assam,Dhemaji,Service Report,Miscellaneous,10
Assam,Dhemaji,Statement Defence and amp Argument,Defence Evidence,7
Assam,Dhemaji,Statement of accused u/s 313 Cr.P.C.,Statement of Accused,3
Assam,Dhemaji,Steps for summon,Miscellaneous,3
Assam,Dhemaji,Transfer,Transfer,1
Assam,Dhubri,Admission Hearing,Miscellaneous,7
Assam,Dhubri,Appearance,Miscellaneous Appearance,372
Assam,Dhubri,Appearance of Accused,Miscellaneous Appearance,38
Assam,Dhubri,Appearance of Accused and Bailor,Miscellaneous Appearance,25
Assam,Dhubri,"Appearance of accused, bailor/CC",Charge,4
Assam,Dhubri,Appearance of accused/CC,Charge,1
Assam,Dhubri,Argument/Judgment,Final Arguments,8
Assam,Dhubri,Arguments,Miscellaneous Arguments,140
Assam,Dhubri,Case Diary,Miscellaneous,1
Assam,Dhubri,C.C/Copy/Appearance,Charge,8
Assam,Dhubri,Charge,Charge,126
Assam,Dhubri,Consideration of Charge(C.C),Charge,133
Assam,Dhubri,Copy,Miscellaneous Appearance,121
Assam,Dhubri,Copy1,Miscellaneous,1
Assam,Dhubri,Court/Official  witness,Other Evidence,18
Assam,Dhubri,Cross examination of Plaintiff/Claimant Witness,Prosecution Evidence,1
Assam,Dhubri,Cross examination of Prosecution Witness,Prosecution Evidence,7
Assam,Dhubri,Defence Evidence,Defence Evidence,4
Assam,Dhubri,Defendant Witness,Defence Evidence,3
Assam,Dhubri,Defense Witness,Defence Evidence,12
Assam,Dhubri,Disposed,Judgement,175
Assam,Dhubri,Documents,Miscellaneous,1
Assam,Dhubri,Evidence,Other Evidence,796
Assam,Dhubri,Evidence of I/O,Prosecution Evidence,6
Assam,Dhubri,Further Argument,Miscellaneous Arguments,3
Assam,Dhubri,Further Evidence,Other Evidence,413
Assam,Dhubri,Further Prosecution Witness,Prosecution Evidence,4
Assam,Dhubri,Hearing,Miscellaneous,3
Assam,Dhubri,Hearing on C. C.,Charge,1
Assam,Dhubri,Hearing on Petition,Miscellaneous,1
Assam,Dhubri,Hearing on Sentence,Sentence,7
Assam,Dhubri,Investigation Officer (IO),Prosecution Evidence,23
Assam,Dhubri,IO,Prosecution Evidence,20
Assam,Dhubri,Issues,Charge,1
Assam,Dhubri,Judgement,Judgement,108
Assam,Dhubri,Medical Officer (MO),Prosecution Evidence,22
Assam,Dhubri,M.O. and I.O.,Prosecution Evidence,7
Assam,Dhubri,Necessary Order,Miscellaneous Order,31
Assam,Dhubri,Objection,Miscellaneous,3
Assam,Dhubri,Objection and Hearing,Miscellaneous,1
Assam,Dhubri,Order,Miscellaneous Order,1
Assam,Dhubri,Plantiff Witness,Prosecution Evidence,10
Assam,Dhubri,Production,Miscellaneous Appearance,7
Assam,Dhubri,Production of Accused,Miscellaneous Appearance,60
Assam,Dhubri,Production of Accused and Argument,Miscellaneous Arguments,1
Assam,Dhubri,Production of Accused and PW,Prosecution Evidence,46
Assam,Dhubri,Prosecution Evidence,Prosecution Evidence,196
Assam,Dhubri,Prosecution Witness,Prosecution Evidence,385
Assam,Dhubri,Put-up,Miscellaneous,6
Assam,Dhubri,PW and I.O.,Prosecution Evidence,6
Assam,Dhubri,PW and M.O.,Prosecution Evidence,25
Assam,Dhubri,"PW, MO and IO",Prosecution Evidence,2
Assam,Dhubri,Record,Miscellaneous,5
Assam,Dhubri,Remanded Till,Miscellaneous,1
Assam,Dhubri,Report,Miscellaneous,34
Assam,Dhubri,Revoked,Miscellaneous,2
Assam,Dhubri,S/D,Defence Evidence,176
Assam,Dhubri,S/D and Argument,Defence Evidence,6
Assam,Dhubri,Settlement,Final Arguments,2
Assam,Dhubri,Showcause,Miscellaneous,1
Assam,Dhubri,Statement of Accused,Statement of Accused,4
Assam,Dhubri,Summon to I.O.,Miscellaneous,1
Assam,Dibrugarh,313 Cr.P.C Statement,Statement of Accused,8
Assam,Dibrugarh,Appearance / Copy,Miscellaneous Appearance,5
Assam,Dibrugarh,Appearance  Report,Miscellaneous Appearance,23
Assam,Dibrugarh,Appereance,Miscellaneous Appearance,409
Assam,Dibrugarh,Argument / Necessary Order,Miscellaneous Order,6
Assam,Dibrugarh,Arguments,Miscellaneous Arguments,240
Assam,Dibrugarh,Charge,Charge,83
Assam,Dibrugarh,Consideration of Charge(C.C),Charge,10
Assam,Dibrugarh,Copy,Miscellaneous Appearance,8
Assam,Dibrugarh,Copy.,Miscellaneous Appearance,54
Assam,Dibrugarh,Cross-examination,Other Evidence,3
Assam,Dibrugarh,Cross examination of Prosecution Witness,Prosecution Evidence,5
Assam,Dibrugarh,Defence Evidence,Defence Evidence,28
Assam,Dibrugarh,Defense Witness,Defence Evidence,18
Assam,Dibrugarh,Disposed,Judgement,150
Assam,Dibrugarh,Enquiry,Miscellaneous,2
Assam,Dibrugarh,Evidence,Other Evidence,2031
Assam,Dibrugarh,Evidence on Official Witness,Other Evidence,12
Assam,Dibrugarh,Further Hearing,Miscellaneous,1
Assam,Dibrugarh,Hearing,Miscellaneous,16
Assam,Dibrugarh,Hearing on Sentence,Sentence,2
Assam,Dibrugarh,Judgement,Judgement,165
Assam,Dibrugarh,Necessary Order,Miscellaneous Order,16
Assam,Dibrugarh,Official Witness,Other Evidence,36
Assam,Dibrugarh,Order,Miscellaneous Order,8
Assam,Dibrugarh,Production of Accused,Miscellaneous Appearance,60
Assam,Dibrugarh,Put up,Miscellaneous,2
Assam,Dibrugarh,Remanded Till,Miscellaneous,11
Assam,Dibrugarh,Report,Miscellaneous,120
Assam,Dibrugarh,Revoked,Miscellaneous,2
Assam,Dibrugarh,Show Cause,Miscellaneous,2
Assam,Dibrugarh,Statement Defence,Defence Evidence,22
Assam,Dibrugarh,Statement Defence and Argument,Defence Evidence,206
Assam,Dibrugarh,Statement of the Complainant,Prosecution Evidence,5
Assam,Dima Hasao,Appearance,Miscellaneous Appearance,24
Assam,Dima Hasao,Arguments,Miscellaneous Arguments,12
Assam,Dima Hasao,Charge Order,Charge,1
Assam,Dima Hasao,Consideration of Charge(C.C),Charge,34
Assam,Dima Hasao,Copy.,Miscellaneous Appearance,2
Assam,Dima Hasao,Disposed,Judgement,2
Assam,Dima Hasao,Evidence,Other Evidence,132
Assam,Dima Hasao,Judgement,Judgement,9
Assam,Dima Hasao,Necessary Order,Miscellaneous Order,1
Assam,Dima Hasao,Production of Accused,Miscellaneous Appearance,39
Assam,Dima Hasao,Production of documents,Miscellaneous,1
Assam,Dima Hasao,Statement of defence,Defence Evidence,3
Assam,Goalpara,Appereance,Miscellaneous Appearance,204
Assam,Goalpara,Arguments,Miscellaneous Arguments,17
Assam,Goalpara,Charge,Charge,6
Assam,Goalpara,Consideration of Charge(C.C),Charge,69
Assam,Goalpara,Copy-77,Miscellaneous Appearance,86
Assam,Goalpara,Cross examination of Plaintiff/Claimant Witness,Prosecution Evidence,1
Assam,Goalpara,Disposed,Judgement,22
Assam,Goalpara,Documents,Miscellaneous,1
Assam,Goalpara,Evidence,Other Evidence,425
Assam,Goalpara,hearing,Miscellaneous,11
Assam,Goalpara,Issues,Charge,2
Assam,Goalpara,Judgement,Judgement,19
Assam,Goalpara,Order,Miscellaneous Order,3
Assam,Goalpara,Production of Accused,Miscellaneous Appearance,66
Assam,Goalpara,Prosecution Evidence,Prosecution Evidence,1
Assam,Goalpara,Remanded Till,Miscellaneous,37
Assam,Goalpara,Report,Miscellaneous,1
Assam,Goalpara,Revoked,Miscellaneous,1
Assam,Goalpara,Service Report,Miscellaneous,1
Assam,Goalpara,Statement Defence ( S D),Defence Evidence,3
Assam,Golaghat,Admission,Miscellaneous,35
Assam,Golaghat,Admission Hearing,Miscellaneous,1
Assam,Golaghat,Appereance,Miscellaneous Appearance,1275
Assam,Golaghat,Arguments,Miscellaneous Arguments,255
Assam,Golaghat,Charge,Charge,72
Assam,Golaghat,Consideration of Charge(C.C),Charge,211
Assam,Golaghat,Copy,Miscellaneous Appearance,1
Assam,Golaghat,Copy .....,Miscellaneous Appearance,75
Assam,Golaghat,Defence Evidence,Defence Evidence,2
Assam,Golaghat,Defense Witness,Defence Evidence,8
Assam,Golaghat,Disposed,Judgement,164
Assam,Golaghat,Evidence,Other Evidence,2463
Assam,Golaghat,Evidence of I/O,Prosecution Evidence,20
Assam,Golaghat,Further Evidence,Other Evidence,63
Assam,Golaghat,Hearing,Miscellaneous,4
Assam,Golaghat,Hearing on C. C.,Charge,26
Assam,Golaghat,Judgement,Judgement,175
Assam,Golaghat,Necessary Order,Miscellaneous Order,26
Assam,Golaghat,Order,Miscellaneous Order,3
Assam,Golaghat,Production / Appereance,Miscellaneous Appearance,5
Assam,Golaghat,Production of Accused,Miscellaneous Appearance,372
Assam,Golaghat,Report,Miscellaneous,15
Assam,Golaghat,Revoked,Miscellaneous,1
Assam,Golaghat,Statement Defence,Defence Evidence,290
Assam,Hailakandi,Appearance of accused,Miscellaneous Appearance,49
Assam,Hailakandi,Appereance,Miscellaneous Appearance,81
Assam,Hailakandi,Arguments,Miscellaneous Arguments,47
Assam,Hailakandi,Call for record,Miscellaneous,1
Assam,Hailakandi,Case Diary,Miscellaneous,10
Assam,Hailakandi,Charge,Charge,32
Assam,Hailakandi,Consideration of Charge(C.C),Charge,101
Assam,Hailakandi,Copy,Miscellaneous Appearance,13
Assam,Hailakandi,Cross examination of Prosecution Witness,Prosecution Evidence,4
Assam,Hailakandi,Defence Evidence,Defence Evidence,8
Assam,Hailakandi,Defendant Witness,Defence Evidence,5
Assam,Hailakandi,Defense Witness,Defence Evidence,7
Assam,Hailakandi,Disposed,Judgement,44
Assam,Hailakandi,Documents,Miscellaneous,1
Assam,Hailakandi,Evidence,Other Evidence,405
Assam,Hailakandi,Further Evidence,Other Evidence,1
Assam,Hailakandi,Judgement,Judgement,13
Assam,Hailakandi,Necessary Order,Miscellaneous Order,1
Assam,Hailakandi,Petition Hearing,Miscellaneous,1
Assam,Hailakandi,Production,Miscellaneous Appearance,17
Assam,Hailakandi,Production of Accused,Miscellaneous Appearance,200
Assam,Hailakandi,Record,Miscellaneous,2
Assam,Hailakandi,Remanded Till,Miscellaneous,1
Assam,Hailakandi,Report,Miscellaneous,46
Assam,Hailakandi,Revoked,Miscellaneous,1
Assam,Hailakandi,Statement of Accused,Statement of Accused,39
Assam,Jorhat,313 Cr.Pc STatement,Statement of Accused,82
Assam,Jorhat,Appereance,Miscellaneous Appearance,214
Assam,Jorhat,Arguement /Judgment,Final Arguments,10
Assam,Jorhat,Arguement/Judgment,Final Arguments,6
Assam,Jorhat,Arguments,Miscellaneous Arguments,134
Assam,Jorhat,Case Diary,Miscellaneous,1
Assam,Jorhat,Charge,Charge,3
Assam,Jorhat,Consideration of Charge(C.C),Charge,167
Assam,Jorhat,Copy,Miscellaneous Appearance,6
Assam,Jorhat,Copy.,Miscellaneous Appearance,37
Assam,Jorhat,Defence Evidence,Defence Evidence,1
Assam,Jorhat,Defense Witness,Defence Evidence,4
Assam,Jorhat,Disposed,Judgement,81
Assam,Jorhat,Evidence,Other Evidence,642
Assam,Jorhat,Evidence of Executing Officer,Other Evidence,3
Assam,Jorhat,Evidence of I/O,Prosecution Evidence,3
Assam,Jorhat,Evidence of P.ws,Prosecution Evidence,215
Assam,Jorhat,Filing objections,Miscellaneous,2
Assam,Jorhat,Final Hearing,Final Arguments,20
Assam,Jorhat,Further Evidence,Other Evidence,6
Assam,Jorhat,Further Hearing,Miscellaneous,1
Assam,Jorhat,hearing,Miscellaneous,4
Assam,Jorhat,Judgement,Judgement,94
Assam,Jorhat,Necessary Order,Miscellaneous Order,21
Assam,Jorhat,Objection,Miscellaneous,2
Assam,Jorhat,order,Miscellaneous Order,2
Assam,Jorhat,petition hearing,Miscellaneous,1
Assam,Jorhat,Production of Accused,Miscellaneous Appearance,112
Assam,Jorhat,Put Up,Miscellaneous,14
Assam,Jorhat,put up for order,Miscellaneous Order,3
Assam,Jorhat,Record,Miscellaneous,2
Assam,Jorhat,Report,Miscellaneous,350
Assam,Jorhat,Statement of Accused,Statement of Accused,42
Assam,Kamrup,Admission Hearing,Miscellaneous,2
Assam,Kamrup,Appereance,Miscellaneous Appearance,410
Assam,Kamrup,Arguments,Miscellaneous Arguments,77
Assam,Kamrup,Charge,Charge,44
Assam,Kamrup,Charge Order,Charge,2
Assam,Kamrup,Consideration of Charge(C.C),Charge,185
Assam,Kamrup,Copy,Miscellaneous Appearance,4
Assam,Kamrup,Copy -,Miscellaneous Appearance,100
Assam,Kamrup,Croos Examination of Opposite Party,Other Evidence,2
Assam,Kamrup,Cross Examination of Defense Witness,Defence Evidence,1
Assam,Kamrup,Cross examination of Plaintiff/Claimant Witness,Prosecution Evidence,4
Assam,Kamrup,Cross examination of Prosecution Witness,Prosecution Evidence,15
Assam,Kamrup,Defence Evidence,Defence Evidence,25
Assam,Kamrup,Defense Witness,Defence Evidence,11
Assam,Kamrup,Disposed,Judgement,121
Assam,Kamrup,Documents,Miscellaneous,1
Assam,Kamrup,E.O.,Other Evidence,2
Assam,Kamrup,Evidence,Other Evidence,1488
Assam,Kamrup,Further Evidence,Other Evidence,12
Assam,Kamrup,Hearing,Miscellaneous,17
Assam,Kamrup,Hearing of Bail Application,Bail,2
Assam,Kamrup,Hearing on Petition,Miscellaneous,3
Assam,Kamrup,I.O,Prosecution Evidence,103
Assam,Kamrup,IO,Prosecution Evidence,6
Assam,Kamrup,Judgement,Judgement,99
Assam,Kamrup,M.O,Prosecution Evidence,11
Assam,Kamrup,M.O.,Prosecution Evidence,21
Assam,Kamrup,M.O. and I.O.,Prosecution Evidence,19
Assam,Kamrup,Nazir Report,Miscellaneous,1
Assam,Kamrup,Necessary Order,Miscellaneous Order,24
Assam,Kamrup,Order,Miscellaneous Order,6
Assam,Kamrup,Payment,Miscellaneous,1
Assam,Kamrup,Plantiff /Claimant Evidence,Prosecution Evidence,1
Assam,Kamrup,Production of Accused,Miscellaneous Appearance,248
Assam,Kamrup,Prosecution Evidence,Prosecution Evidence,172
Assam,Kamrup,Prosecution Witness,Prosecution Evidence,1
Assam,Kamrup,Remaining Evidence,Other Evidence,1
Assam,Kamrup,Remanded Till,Miscellaneous,3
Assam,Kamrup,Report,Miscellaneous,83
Assam,Kamrup,Revoked,Miscellaneous,6
Assam,Kamrup,Service Report,Miscellaneous,8
Assam,Kamrup,SR/Objection,Miscellaneous,1
Assam,Kamrup,Statement Defence and Argument,Defence Evidence,98
Assam,Kamrup,Statement of accused u/s 313 Cr.P.C.,Statement of Accused,6
Assam,Kamrup,Transfer,Transfer,1
Assam,Kamrup Metro,Appearance,Miscellaneous Appearance,1235
Assam,Kamrup Metro,Arguments,Miscellaneous Arguments,54
Assam,Kamrup Metro,Charge,Charge,21
Assam,Kamrup Metro,Consideration of Charge(C.C),Charge,351
Assam,Kamrup Metro,Copy,Miscellaneous Appearance,27
Assam,Kamrup Metro,Copy..,Miscellaneous Appearance,79
Assam,Kamrup Metro,Cross,Other Evidence,1
Assam,Kamrup Metro,Defence Evidence,Defence Evidence,1
Assam,Kamrup Metro,Defendant Witness,Defence Evidence,6
Assam,Kamrup Metro,Defense Witness,Defence Evidence,19
Assam,Kamrup Metro,Disposed,Judgement,52
Assam,Kamrup Metro,Documents,Miscellaneous,2
Assam,Kamrup Metro,Evidence,Other Evidence,1530
Assam,Kamrup Metro,Evidence of I/O,Prosecution Evidence,1
Assam,Kamrup Metro,Framing of Charges,Charge,3
Assam,Kamrup Metro,Further Evidence,Other Evidence,152
Assam,Kamrup Metro,Further Evidence..,Other Evidence,7
Assam,Kamrup Metro,Further Hearing,Miscellaneous,3
Assam,Kamrup Metro,Further Order,Miscellaneous Order,1
Assam,Kamrup Metro,hearing,Miscellaneous,21
Assam,Kamrup Metro,Hearing on C. C.,Charge,6
Assam,Kamrup Metro,Hearing on Petition,Miscellaneous,1
Assam,Kamrup Metro,Initial Deposition,Other Evidence,3
Assam,Kamrup Metro,Judgment,Judgement,44
Assam,Kamrup Metro,Necessary Order,Miscellaneous Order,21
Assam,Kamrup Metro,Objection and Hearing,Miscellaneous,2
Assam,Kamrup Metro,Order,Miscellaneous Order,24
Assam,Kamrup Metro,Production and Appearance,Miscellaneous Appearance,30
Assam,Kamrup Metro,Production of Accused,Miscellaneous Appearance,253
Assam,Kamrup Metro,Record,Miscellaneous,2
Assam,Kamrup Metro,Remanded Till,Miscellaneous,117
Assam,Kamrup Metro,Report,Miscellaneous,53
Assam,Kamrup Metro,Revoked,Miscellaneous,1
Assam,Kamrup Metro,Service Report,Miscellaneous,8
Assam,Kamrup Metro,Statement of Accused,Statement of Accused,58
Assam,Karbi Anglong,Appearance of accused,Miscellaneous Appearance,2
Assam,Karbi Anglong,Appereance,Miscellaneous Appearance,414
Assam,Karbi Anglong,Arguments,Miscellaneous Arguments,84
Assam,Karbi Anglong,Call for record,Miscellaneous,2
Assam,Karbi Anglong,Case Diary,Miscellaneous,1
Assam,Karbi Anglong,Charge,Charge,2
Assam,Karbi Anglong,Consideration of Charge(C.C),Charge,113
Assam,Karbi Anglong,Copy,Miscellaneous Appearance,5
Assam,Karbi Anglong,Defence Evidence,Defence Evidence,2
Assam,Karbi Anglong,Disposed,Judgement,68
Assam,Karbi Anglong,Documents,Miscellaneous,1
Assam,Karbi Anglong,Evidence,Other Evidence,1194
Assam,Karbi Anglong,Evidence of I/O,Prosecution Evidence,108
Assam,Karbi Anglong,Evidence on Official Witness,Other Evidence,6
Assam,Karbi Anglong,Expert Report,Miscellaneous,3
Assam,Karbi Anglong,Judgement,Judgement,54
Assam,Karbi Anglong,Necessary Order,Miscellaneous Order,8
Assam,Karbi Anglong,Official Witness,Other Evidence,1
Assam,Karbi Anglong,Order,Miscellaneous Order,7
Assam,Karbi Anglong,Production of Accused,Miscellaneous Appearance,83
Assam,Karbi Anglong,Prosecution Evidence,Prosecution Evidence,3
Assam,Karbi Anglong,Prosecution Witness,Prosecution Evidence,37
Assam,Karbi Anglong,Put Up,Miscellaneous,9
Assam,Karbi Anglong,Report,Miscellaneous,21
Assam,Karbi Anglong,Revoked,Miscellaneous,5
Assam,Karimganj,313 Cr.Pc STatement,Statement of Accused,1
Assam,Karimganj,Appearance,Miscellaneous Appearance,244
Assam,Karimganj,APPEARANCE OF ACCUSED,Miscellaneous Appearance,22
Assam,Karimganj,Arguments,Miscellaneous Arguments,23
Assam,Karimganj,Awaiting Report,Miscellaneous,21
Assam,Karimganj,Case Diary,Miscellaneous,1
Assam,Karimganj,Charge,Charge,4
Assam,Karimganj,Consideration of Charge(C.C),Charge,145
Assam,Karimganj,Copy,Miscellaneous Appearance,11
Assam,Karimganj,Cross examination of Prosecution Witness,Prosecution Evidence,18
Assam,Karimganj,Defence Evidence,Defence Evidence,30
Assam,Karimganj,Disposed,Judgement,34
Assam,Karimganj,Documents,Miscellaneous,7
Assam,Karimganj,Evidence,Other Evidence,714
Assam,Karimganj,Evidence Further,Other Evidence,1
Assam,Karimganj,Evidence of I/O,Prosecution Evidence,7
Assam,Karimganj,Evidence on Official Witness,Other Evidence,1
Assam,Karimganj,Final Eviction Appeal,Miscellaneous,2
Assam,Karimganj,For Admission Hearing of Appeals,Miscellaneous,1
Assam,Karimganj,For Alerts before action,Miscellaneous,1
Assam,Karimganj,For Compliance,Miscellaneous,3
Assam,Karimganj,For Copy,Miscellaneous Appearance,5
Assam,Karimganj,For Orders,Miscellaneous Order,3
Assam,Karimganj,Further Evidence,Other Evidence,6
Assam,Karimganj,Further Order,Miscellaneous Order,12
Assam,Karimganj,hearing,Miscellaneous,15
Assam,Karimganj,Hearing arguments on Charge,Charge,1
Assam,Karimganj,Hearing of Bail Application,Bail,1
Assam,Karimganj,Hearing on C. C.,Charge,2
Assam,Karimganj,Hearing on Sentence,Sentence,1
Assam,Karimganj,Judgement,Judgement,22
Assam,Karimganj,Necessary Order,Miscellaneous Order,40
Assam,Karimganj,Objection,Miscellaneous,4
Assam,Karimganj,Order,Miscellaneous Order,4
Assam,Karimganj,Petition,Miscellaneous,1
Assam,Karimganj,Production of Accused,Miscellaneous Appearance,113
Assam,Karimganj,Record,Miscellaneous,1
Assam,Karimganj,Remanded Till,Miscellaneous,22
Assam,Karimganj,Service Report,Miscellaneous,2
Assam,Karimganj,Statement of Accused,Statement of Accused,45
Assam,Karimganj,steps/ report,Miscellaneous,17
Assam,Karimganj,Submission of Stay Order,Miscellaneous,2
Assam,Kokrajhar,313 Cr.Pc STatement,Statement of Accused,25
Assam,Kokrajhar,Appearance,Miscellaneous Appearance,492
Assam,Kokrajhar,Appereance,Miscellaneous Appearance,31
Assam,Kokrajhar,Arguments,Miscellaneous Arguments,92
Assam,Kokrajhar,Charge Order,Charge,2
Assam,Kokrajhar,Consideration of Charge,Charge,264
Assam,Kokrajhar,Copy,Miscellaneous Appearance,52
Assam,Kokrajhar,Court/Official  witness,Other Evidence,1
Assam,Kokrajhar,Cross examination of Prosecution Witness,Prosecution Evidence,2
Assam,Kokrajhar,Defence Evidence,Defence Evidence,1
Assam,Kokrajhar,Defense Witness,Defence Evidence,14
Assam,Kokrajhar,Disposed,Judgement,68
Assam,Kokrajhar,Evidence,Other Evidence,718
Assam,Kokrajhar,Evidence of I/O,Prosecution Evidence,89
Assam,Kokrajhar,Evidence on Official Witness,Other Evidence,2
Assam,Kokrajhar,Formal withdrawal Petition,Miscellaneous,1
Assam,Kokrajhar,Further argument,Miscellaneous Arguments,1
Assam,Kokrajhar,Further Evidence,Other Evidence,437
Assam,Kokrajhar,Further Order,Miscellaneous Order,2
Assam,Kokrajhar,Hearing,Miscellaneous,29
Assam,Kokrajhar,Inspection Of Documents,Miscellaneous,1
Assam,Kokrajhar,Judgement,Judgement,62
Assam,Kokrajhar,Necessary Order,Miscellaneous Order,6
Assam,Kokrajhar,Order,Miscellaneous Order,7
Assam,Kokrajhar,Production of Accused,Miscellaneous Appearance,55
Assam,Kokrajhar,Prosecution Evidence,Prosecution Evidence,4
Assam,Kokrajhar,Remanded Till,Miscellaneous,13
Assam,Kokrajhar,Report,Miscellaneous,4
Assam,Kokrajhar,Revoked,Miscellaneous,1
Assam,Kokrajhar,State Defence - SD,Defence Evidence,40
Assam,Kokrajhar,Statement of Accused,Statement of Accused,20
Assam,Kokrajhar,Written Objection,Miscellaneous,1
Assam,Lakhimpur,Appearence,Miscellaneous Appearance,308
Assam,Lakhimpur,Arguments,Miscellaneous Arguments,169
Assam,Lakhimpur,Case Diary,Miscellaneous,2
Assam,Lakhimpur,Charge,Charge,80
Assam,Lakhimpur,Charge Order,Charge,18
Assam,Lakhimpur,Consideration of Charge(C.C),Charge,20
Assam,Lakhimpur,Copy,Miscellaneous Appearance,10
Assam,Lakhimpur,Copy 1,Miscellaneous Appearance,10
Assam,Lakhimpur,Defence Evidence,Defence Evidence,8
Assam,Lakhimpur,Defendant Witness,Defence Evidence,13
Assam,Lakhimpur,Defense Witness,Defence Evidence,7
Assam,Lakhimpur,Disposed,Judgement,89
Assam,Lakhimpur,Evidence,Other Evidence,538
Assam,Lakhimpur,Evidence of IO,Prosecution Evidence,91
Assam,Lakhimpur,Evidence of M.O,Prosecution Evidence,4
Assam,Lakhimpur,Final Form,Miscellaneous,8
Assam,Lakhimpur,Further Argument,Miscellaneous Arguments,24
Assam,Lakhimpur,Further Evidence,Other Evidence,335
Assam,Lakhimpur,Hearing,Miscellaneous,1
Assam,Lakhimpur,Hearing on C. C.,Charge,1
Assam,Lakhimpur,Judgement,Judgement,35
Assam,Lakhimpur,Necessary Order,Miscellaneous Order,7
Assam,Lakhimpur,Order,Miscellaneous Order,4
Assam,Lakhimpur,Plantiff Witness,Prosecution Evidence,8
Assam,Lakhimpur,Production of Accused,Miscellaneous Appearance,224
Assam,Lakhimpur,Production of Accused ( DORMANT CASE	 ),Miscellaneous Appearance,2
Assam,Lakhimpur,Put up.,Miscellaneous,8
Assam,Lakhimpur,Remanded Till,Miscellaneous,5
Assam,Lakhimpur,Report,Miscellaneous,8
Assam,Lakhimpur,Revoked,Miscellaneous,14
Assam,Lakhimpur,S/D,Defence Evidence,88
Assam,Lakhimpur,Statement of Accused,Statement of Accused,7
Assam,Lakhimpur,Written Objection and Hearing,Miscellaneous Arguments,1
Assam,Lakhimpur,Written Statement,Miscellaneous,1
Assam,Lakhimpur,WS/ Objection,Miscellaneous,1
Assam,Morigaon,Appereance,Miscellaneous Appearance,983
Assam,Morigaon,Argument / Judgement,Final Arguments,2
Assam,Morigaon,Arguments,Miscellaneous Arguments,118
Assam,Morigaon,Case Diary,Miscellaneous,1
Assam,Morigaon,Charge,Charge,372
Assam,Morigaon,Charge Order,Charge,34
Assam,Morigaon,Consideration of Charge(C.C),Charge,32
Assam,Morigaon,Copy,Miscellaneous Appearance,264
Assam,Morigaon,Copy 1,Miscellaneous Appearance,1
Assam,Morigaon,Court/Official  witness,Other Evidence,9
Assam,Morigaon,Cross examination of Prosecution Witness,Prosecution Evidence,4
Assam,Morigaon,Cross Examination of P.WS.,Prosecution Evidence,3
Assam,Morigaon,Defence Evidence,Defence Evidence,12
Assam,Morigaon,Defence Witness,Defence Evidence,13
Assam,Morigaon,Disposed,Judgement,115
Assam,Morigaon,Documents,Miscellaneous,12
Assam,Morigaon,DW / Argument,Defence Evidence,1
Assam,Morigaon,Evedience of IO,Prosecution Evidence,5
Assam,Morigaon,Evedience of IO/MO,Prosecution Evidence,6
Assam,Morigaon,Evedience of M O,Prosecution Evidence,1
Assam,Morigaon,Evedience of MO,Prosecution Evidence,6
Assam,Morigaon,Evidence,Other Evidence,1220
Assam,Morigaon,Evidence After Charge,Prosecution Evidence,1
Assam,Morigaon,Further Argument,Miscellaneous Arguments,12
Assam,Morigaon,Further Evidence,Other Evidence,3
Assam,Morigaon,Hearing,Miscellaneous,13
Assam,Morigaon,Hearing of Bail Application,Bail,1
Assam,Morigaon,Hearing on C. C.,Charge,36
Assam,Morigaon,Hearing on Petition,Miscellaneous,17
Assam,Morigaon,Judgement,Judgement,97
Assam,Morigaon,Medical Report,Miscellaneous,1
Assam,Morigaon,Necessary Order,Miscellaneous Order,16
Assam,Morigaon,Order,Miscellaneous Order,36
Assam,Morigaon,Order on Petition,Miscellaneous Order,1
Assam,Morigaon,Production of Accused,Miscellaneous Appearance,25
Assam,Morigaon,Prosecution Witness,Prosecution Evidence,1
Assam,Morigaon,Record,Miscellaneous,3
Assam,Morigaon,Report,Miscellaneous,142
Assam,Morigaon,Revoked,Miscellaneous,5
Assam,Morigaon,Service Report,Miscellaneous,20
Assam,Morigaon,Statement  and Defence,Defence Evidence,67
Assam,Morigaon,Statement / Defence / Argument,Defence Evidence,18
Assam,Morigaon,Submission of List Of Articles,Miscellaneous,3
Assam,Nagaon,313 Cr.P.C Statement,Statement of Accused,10
Assam,Nagaon,Appearence,Miscellaneous Appearance,1022
Assam,Nagaon,Appereance,Miscellaneous Appearance,183
Assam,Nagaon,Arguments,Miscellaneous Arguments,51
Assam,Nagaon,Case Diary,Miscellaneous,4
Assam,Nagaon,Charge,Charge,108
Assam,Nagaon,Consideration of Charge(C.C),Charge,247
Assam,Nagaon,Copy,Miscellaneous Appearance,135
Assam,Nagaon,Court/Official  witness,Other Evidence,1
Assam,Nagaon,Cross examination of Prosecution Witness,Prosecution Evidence,3
Assam,Nagaon,Defence Evidence,Defence Evidence,10
Assam,Nagaon,Defendant Witness,Defence Evidence,2
Assam,Nagaon,Disposed,Judgement,112
Assam,Nagaon,Documents,Miscellaneous,18
Assam,Nagaon,Evidence,Other Evidence,2550
Assam,Nagaon,Hearing,Miscellaneous,35
Assam,Nagaon,Hearing of Bail Application,Bail,1
Assam,Nagaon,Hearing on C. C.,Charge,6
Assam,Nagaon,Hearing on Petition,Miscellaneous,6
Assam,Nagaon,Inspection,Miscellaneous,7
Assam,Nagaon,Judgement,Judgement,34
Assam,Nagaon,Necessary Order,Miscellaneous Order,26
Assam,Nagaon,Objection,Miscellaneous,1
Assam,Nagaon,Order,Miscellaneous Order,18
Assam,Nagaon,Production of Accused,Miscellaneous Appearance,509
Assam,Nagaon,Prosecution Witness,Prosecution Evidence,63
Assam,Nagaon,Remanded Till,Miscellaneous,1
Assam,Nagaon,Report,Miscellaneous,1
Assam,Nagaon,Revoked,Miscellaneous,1
Assam,Nagaon,Service Report,Miscellaneous,2
Assam,Nagaon,Statement and defence,Statement of Accused,19
Assam,Nagaon,Statement of Accused,Statement of Accused,24
Assam,Nagaon,Written Statement,Miscellaneous,1
Assam,Nalbari,313 Cr.P.C Statement,Statement of Accused,71
Assam,Nalbari,Appearance,Miscellaneous Appearance,536
Assam,Nalbari,Arguments,Miscellaneous Arguments,79
Assam,Nalbari,Case Diary,Miscellaneous,4
Assam,Nalbari,Charge,Charge,216
Assam,Nalbari,Charge Order,Charge,5
Assam,Nalbari,Consideration of Charge(C.C),Charge,9
Assam,Nalbari,Copy,Miscellaneous Appearance,40
Assam,Nalbari,Copy.,Miscellaneous Appearance,139
Assam,Nalbari,Defendant Evidence,Defence Evidence,5
Assam,Nalbari,Defense Witness,Defence Evidence,7
Assam,Nalbari,Disposed,Judgement,78
Assam,Nalbari,Evidence,Other Evidence,968
Assam,Nalbari,Further Argument,Miscellaneous Arguments,1
Assam,Nalbari,Further Evidence,Other Evidence,8
Assam,Nalbari,Hearing,Miscellaneous,1
Assam,Nalbari,Hearing on Petition,Miscellaneous,2
Assam,Nalbari,Judgement,Judgement,51
Assam,Nalbari,Necessary Order,Miscellaneous Order,40
Assam,Nalbari,Production of Accused,Miscellaneous Appearance,55
Assam,Nalbari,Report,Miscellaneous,36
Assam,Nalbari,Revoked,Miscellaneous,2
Assam,Nalbari,Statement of Account,Statement of Accused,2
Assam,Sivasagar,313 Cr.Pc Statement,Statement of Accused,98
Assam,Sivasagar,313 Cr.Pc STatement,Statement of Accused,5
Assam,Sivasagar,Admission,Miscellaneous,5
Assam,Sivasagar,Admission Hearing,Miscellaneous,1
Assam,Sivasagar,Appeal Revision,Miscellaneous,2
Assam,Sivasagar,Appearance,Miscellaneous Appearance,493
Assam,Sivasagar,Arguments,Miscellaneous Arguments,337
Assam,Sivasagar,Case Diary,Miscellaneous,8
Assam,Sivasagar,Charge,Charge,50
Assam,Sivasagar,Consideration of Charge(C.C),Charge,377
Assam,Sivasagar,Copy,Miscellaneous Appearance,21
Assam,Sivasagar,Copy.,Miscellaneous Appearance,47
Assam,Sivasagar,Court/Official  witness,Other Evidence,1
Assam,Sivasagar,Cross Examination of Defendant Witness,Defence Evidence,1
Assam,Sivasagar,Cross examination of Plaintiff/Claimant Witness,Prosecution Evidence,5
Assam,Sivasagar,Cross examination of Prosecution Witness,Prosecution Evidence,13
Assam,Sivasagar,Defence Evidence,Defence Evidence,20
Assam,Sivasagar,Defendant Evidence,Defence Evidence,2
Assam,Sivasagar,Defendant Witness,Defence Evidence,15
Assam,Sivasagar,Defense Witness,Defence Evidence,13
Assam,Sivasagar,Disposed,Judgement,262
Assam,Sivasagar,Documents,Miscellaneous,1
Assam,Sivasagar,Evidence,Other Evidence,2419
Assam,Sivasagar,Evidence After Charge,Prosecution Evidence,2
Assam,Sivasagar,Evidence of I.O,Prosecution Evidence,39
Assam,Sivasagar,F.F,Miscellaneous,210
Assam,Sivasagar,Further Argument,Miscellaneous Arguments,18
Assam,Sivasagar,hearing,Miscellaneous,17
Assam,Sivasagar,Hearing of Bail Application,Bail,3
Assam,Sivasagar,Hearing on C. C.,Charge,11
Assam,Sivasagar,Hearing on Petition,Miscellaneous,2
Assam,Sivasagar,Inquiry,Miscellaneous,1
Assam,Sivasagar,I/O,Miscellaneous,9
Assam,Sivasagar,Judgement,Judgement,222
Assam,Sivasagar,Necessary Order,Miscellaneous Order,27
Assam,Sivasagar,Necessary Step,Miscellaneous,1
Assam,Sivasagar,Order,Miscellaneous Order,14
Assam,Sivasagar,Plantiff Witness,Prosecution Evidence,2
Assam,Sivasagar,Production of Accused,Miscellaneous Appearance,262
Assam,Sivasagar,Prosecution Evidence,Prosecution Evidence,4
Assam,Sivasagar,Prosecution Witness,Prosecution Evidence,290
Assam,Sivasagar,put up for order,Miscellaneous Order,1
Assam,Sivasagar,Record,Miscellaneous,1
Assam,Sivasagar,Remanded Till,Miscellaneous,55
Assam,Sivasagar,Report,Miscellaneous,24
Assam,Sivasagar,Revoked,Miscellaneous,21
Assam,Sivasagar,S/D,Defence Evidence,91
Assam,Sivasagar,Service Report,Miscellaneous,1
Assam,Sivasagar,SR/Objection,Miscellaneous,1
Assam,Sivasagar,Statement,Other Evidence,61
Assam,Sivasagar,Statement of Accused,Statement of Accused,34
Assam,Sonitpur,Appearence and C.C,Charge,16
Assam,Sonitpur,Appearence of Accused,Miscellaneous Appearance,639
Assam,Sonitpur,Appearence/WS,Miscellaneous Appearance,2
Assam,Sonitpur,Appereance,Miscellaneous Appearance,455
Assam,Sonitpur,Arguments,Miscellaneous Arguments,289
Assam,Sonitpur,Call for record,Miscellaneous,1
Assam,Sonitpur,Case Diary,Miscellaneous,3
Assam,Sonitpur,Charge,Charge,27
Assam,Sonitpur,Consideration of Charge(C.C),Charge,317
Assam,Sonitpur,Copy,Miscellaneous Appearance,56
Assam,Sonitpur,Copy of order,Miscellaneous Order,3
Assam,Sonitpur,Copy Submission,Miscellaneous Appearance,8
Assam,Sonitpur,Court/Official  witness,Other Evidence,1
Assam,Sonitpur,Cross Examination,Other Evidence,1
Assam,Sonitpur,Cross Examination of Defense Witness,Defence Evidence,1
Assam,Sonitpur,Defence Evidence,Defence Evidence,2
Assam,Sonitpur,Defendant Evidence,Defence Evidence,3
Assam,Sonitpur,Defendant Witness,Defence Evidence,2
Assam,Sonitpur,Defendant_Witness,Defence Evidence,3
Assam,Sonitpur,Defense Witness,Defence Evidence,46
Assam,Sonitpur,Disposed,Judgement,548
Assam,Sonitpur,Documents,Miscellaneous,3
Assam,Sonitpur,DW and Argument,Defence Evidence,42
Assam,Sonitpur,Evidence,Other Evidence,2277
Assam,Sonitpur,Evidence of E.O,Other Evidence,13
Assam,Sonitpur,Evidence of I.O.,Prosecution Evidence,22
Assam,Sonitpur,Evidence of I/O,Prosecution Evidence,29
Assam,Sonitpur,Evidence of IO,Prosecution Evidence,169
Assam,Sonitpur,Evidence of M.O.,Prosecution Evidence,26
Assam,Sonitpur,Evidence of MO and IO,Prosecution Evidence,11
Assam,Sonitpur,Evidence on Official Witness,Other Evidence,2
Assam,Sonitpur,Examination of E.O,Other Evidence,1
Assam,Sonitpur,For Copy,Miscellaneous Appearance,39
Assam,Sonitpur,Further Evidence,Other Evidence,279
Assam,Sonitpur,Hearing,Miscellaneous,7
Assam,Sonitpur,Hearing on C. C.,Charge,2
Assam,Sonitpur,Judgement,Judgement,110
Assam,Sonitpur,Necessary Order,Miscellaneous Order,108
Assam,Sonitpur,Official Witness,Other Evidence,42
Assam,Sonitpur,Order,Miscellaneous Order,9
Assam,Sonitpur,Plantiff Witness,Prosecution Evidence,4
Assam,Sonitpur,Production,Miscellaneous Appearance,11
Assam,Sonitpur,Production of Accused,Miscellaneous Appearance,255
Assam,Sonitpur,Prosecution Evidence,Prosecution Evidence,9
Assam,Sonitpur,Record,Miscellaneous,2
Assam,Sonitpur,Remanded Till,Miscellaneous,40
Assam,Sonitpur,Report,Miscellaneous,42
Assam,Sonitpur,Revoked,Miscellaneous,255
Assam,Sonitpur,SD/Argument,Defence Evidence,15
Assam,Sonitpur,Service Report,Miscellaneous,125
Assam,Sonitpur,Statement,Other Evidence,5
Assam,Sonitpur,Statement of Accused,Statement of Accused,123
Assam,Sonitpur,Statement of Defence,Defence Evidence,17
Assam,Sonitpur,Submission of Certificate,Miscellaneous,1
Assam,Sonitpur,Transfer,Transfer,1
Assam,Tinsukia,Appearance,Miscellaneous Appearance,297
Assam,Tinsukia,Argument,Miscellaneous Arguments,47
Assam,Tinsukia,Case Diary,Miscellaneous,11
Assam,Tinsukia,Charge,Charge,109
Assam,Tinsukia,Consideration of Charge(C.C),Charge,32
Assam,Tinsukia,Copy,Miscellaneous Appearance,142
Assam,Tinsukia,Copy/ Replica,Miscellaneous Appearance,2
Assam,Tinsukia,Court/Official  witness,Other Evidence,1
Assam,Tinsukia,Cross Examination,Other Evidence,15
Assam,Tinsukia,Cross examination of Plaintiff/Claimant Witness,Prosecution Evidence,2
Assam,Tinsukia,Cross examination of Prosecution Witness,Prosecution Evidence,1
Assam,Tinsukia,Defence Evidence,Defence Evidence,23
Assam,Tinsukia,Defendant Witness,Defence Evidence,1
Assam,Tinsukia,Defense Witness,Defence Evidence,11
Assam,Tinsukia,Disposed,Judgement,55
Assam,Tinsukia,Documents,Miscellaneous,9
Assam,Tinsukia,Evidence,Other Evidence,633
Assam,Tinsukia,Evidence of Investigation Officer,Prosecution Evidence,3
Assam,Tinsukia,Final Form,Miscellaneous,511
Assam,Tinsukia,For Copy,Miscellaneous Appearance,18
Assam,Tinsukia,Further Evidence,Other Evidence,81
Assam,Tinsukia,Hearing,Miscellaneous,3
Assam,Tinsukia,Hearing on C. C.,Charge,1
Assam,Tinsukia,Judgement,Judgement,29
Assam,Tinsukia,Necessary Order,Miscellaneous Order,42
Assam,Tinsukia,Objection and Hearing,Miscellaneous,1
Assam,Tinsukia,Objection Hearing,Miscellaneous,1
Assam,Tinsukia,Order,Miscellaneous Order,1
Assam,Tinsukia,Production of Accused,Miscellaneous Appearance,359
Assam,Tinsukia,Progress Report,Miscellaneous,34
Assam,Tinsukia,Prosecution Evidence,Prosecution Evidence,36
Assam,Tinsukia,Prosecution Witness,Prosecution Evidence,45
Assam,Tinsukia,Put up,Miscellaneous,11
Assam,Tinsukia,Record,Miscellaneous,4
Assam,Tinsukia,Remanded Till,Miscellaneous,42
Assam,Tinsukia,Report,Miscellaneous,115
Assam,Tinsukia,Report / Appearance,Miscellaneous Appearance,185
Assam,Tinsukia,Revoked,Miscellaneous,6
Assam,Tinsukia,Service Report,Miscellaneous,7
Assam,Tinsukia,Statement,Other Evidence,27
Assam,Tinsukia,Statement of Accused,Statement of Accused,23
Assam,Udalguri,313 Cr.P.C Statement,Statement of Accused,16
Assam,Udalguri,Appereance,Miscellaneous Appearance,218
Assam,Udalguri,Arguments,Miscellaneous Arguments,231
Assam,Udalguri,Certifed Copy of Order,Miscellaneous,2
Assam,Udalguri,Charge,Charge,28
Assam,Udalguri,Consideration of Charge(C.C),Charge,46
Assam,Udalguri,Consideration of Charge(CC),Charge,55
Assam,Udalguri,Copy,Miscellaneous Appearance,20
Assam,Udalguri,Defense Witness,Defence Evidence,7
Assam,Udalguri,Disposed,Judgement,91
Assam,Udalguri,E.O.,Other Evidence,13
Assam,Udalguri,Evidance of I.O,Prosecution Evidence,6
Assam,Udalguri,Evidence,Other Evidence,1030
Assam,Udalguri,For compliance,Miscellaneous,38
Assam,Udalguri,For examination of witnesses,Other Evidence,9
Assam,Udalguri,Further Evidence,Other Evidence,8
Assam,Udalguri,Hearing,Miscellaneous,17
Assam,Udalguri,IO,Prosecution Evidence,7
Assam,Udalguri,Judgement,Judgement,149
Assam,Udalguri,M.O.,Prosecution Evidence,6
Assam,Udalguri,Necessary Order,Miscellaneous Order,23
Assam,Udalguri,Necessary Step,Miscellaneous,1
Assam,Udalguri,Order,Miscellaneous Order,7
Assam,Udalguri,Production of Accused,Miscellaneous Appearance,112
Assam,Udalguri,Report,Miscellaneous,1
Assam,Udalguri,Report of P and A,Miscellaneous Appearance,7
Assam,Udalguri,Statement Defence and Argument,Defence Evidence,28
Assam,Udalguri,Statement of Accused,Statement of Accused,1
Assam,Udalguri,Statement of accused u/s 313 Cr.P.C.,Statement of Accused,73
Delhi,Central,Arguments,Miscellaneous Arguments,207
Delhi,Central,Charge,Charge,1940
Delhi,Central,Defence Evidence,Defence Evidence,346
Delhi,Central,Disposed,Judgement,361
Delhi,Central,Final Arguments,Final Arguments,576
Delhi,Central,FRESH APPLICATION,Miscellaneous,1
Delhi,Central,Judgement,Judgement,142
Delhi,Central,Misc./ Appearance,Miscellaneous Appearance,841
Delhi,Central,Misc. Arguments,Miscellaneous Arguments,67
Delhi,Central,Misc./ Arguments,Miscellaneous Arguments,7
Delhi,Central,Misc. cases/purpose,Miscellaneous,504
Delhi,Central,Order,Miscellaneous Order,321
Delhi,Central,Order on Misc. Application,Miscellaneous Order,6
Delhi,Central,Order on Sentence,Sentence,159
Delhi,Central,Prosecution Evidence,Prosecution Evidence,8117
Delhi,Central,Revoked,Miscellaneous,2
Delhi,Central,Statement of Accused,Statement of Accused,513
Delhi,East,Arguments,Miscellaneous Arguments,13
Delhi,East,Charge,Charge,2190
Delhi,East,Defence Evidence,Defence Evidence,149
Delhi,East,Disposed,Judgement,46
Delhi,East,Final Arguments,Final Arguments,423
Delhi,East,Judgement,Judgement,64
Delhi,East,Misc./ Appearance,Miscellaneous Appearance,1624
Delhi,East,Misc. Arguments,Miscellaneous Arguments,134
Delhi,East,Misc. cases,Miscellaneous,1
Delhi,East,Order,Miscellaneous Order,65
Delhi,East,Order/Argument on Sentence,Sentence,12
Delhi,East,Plaintiff/Petitioner Evidence,Prosecution Evidence,1
Delhi,East,Proper Order,Miscellaneous Order,4
Delhi,East,Proper Orders,Miscellaneous Order,8
Delhi,East,Prosecution Evidence,Prosecution Evidence,6532
Delhi,East,Revoked,Miscellaneous,4
Delhi,East,Statement of Accused,Statement of Accused,211
Delhi,New Delhi,AIR-Applications,Miscellaneous,1
Delhi,New Delhi,Arguments,Miscellaneous Arguments,7
Delhi,New Delhi,Charge,Charge,1111
Delhi,New Delhi,Defence Evidence,Defence Evidence,28
Delhi,New Delhi,Disposed,Judgement,57
Delhi,New Delhi,Final Arguments,Final Arguments,69
Delhi,New Delhi,For Bail,Bail,39
Delhi,New Delhi,Judgement,Judgement,36
Delhi,New Delhi,Misc./ Appearance,Miscellaneous Appearance,1019
Delhi,New Delhi,Misc. Arguments,Miscellaneous Arguments,363
Delhi,New Delhi,Misc./ Arguments,Miscellaneous Arguments,10
Delhi,New Delhi,Misc. cases,Miscellaneous,3
Delhi,New Delhi,Order,Miscellaneous Order,328
Delhi,New Delhi,Plaintiff/Petitioner Evidence,Prosecution Evidence,8
Delhi,New Delhi,Prosecution Evidence,Prosecution Evidence,2312
Delhi,New Delhi,Revoked,Miscellaneous,2
Delhi,New Delhi,Statement of Accused,Statement of Accused,74
Delhi,North,Arguments,Miscellaneous Arguments,13
Delhi,North,Arguments On Charge,Charge,87
Delhi,North,Charge,Charge,1219
Delhi,North,Defence Evidence,Defence Evidence,287
Delhi,North,Defendant/Respondent Evidence,Defence Evidence,7
Delhi,North,Defendant/Respondent Evidences,Defence Evidence,4
Delhi,North,Disposed,Judgement,308
Delhi,North,Final Argument,Final Arguments,780
Delhi,North,Final Arguments,Final Arguments,516
Delhi,North,For Bail,Bail,1
Delhi,North,Misc./ Appearance,Miscellaneous Appearance,1354
Delhi,North,Misc. Arguments,Miscellaneous Arguments,20
Delhi,North,Misc./ Arguments,Miscellaneous Arguments,4
Delhi,North,Misc. cases / purpose,Miscellaneous,21
Delhi,North,Misc. cases/purpose,Miscellaneous,127
Delhi,North,Misc.Cases/purpose,Miscellaneous,1
Delhi,North,Order/ Judgement,Judgement,30
Delhi,North,Order/Judgement,Judgement,132
Delhi,North,Order on Application,Miscellaneous Order,2
Delhi,North,Order On Charge,Charge,1
Delhi,North,Order on Sentence,Sentence,49
Delhi,North,Plaintiff/ Petitioner Evidence,Prosecution Evidence,5
Delhi,North,Plaintiff/Petitioner Evidence,Prosecution Evidence,27
Delhi,North,Proper Order,Miscellaneous Order,33
Delhi,North,Proper.Order.,Miscellaneous Order,13
Delhi,North,Prosecution Evidence,Prosecution Evidence,8536
Delhi,North,Revoked,Miscellaneous,41
Delhi,North,Statement of Accused,Statement of Accused,651
Delhi,North East,Arguments,Miscellaneous Arguments,123
Delhi,North East,Charge,Charge,656
Delhi,North East,Defence Evidence,Defence Evidence,159
Delhi,North East,Disposed,Judgement,82
Delhi,North East,Final Arguments,Final Arguments,784
Delhi,North East,Judgement,Judgement,98
Delhi,North East,Misc./ Appearance,Miscellaneous Appearance,1231
Delhi,North East,Misc. Arguments,Miscellaneous Arguments,25
Delhi,North East,Misc./ Arguments,Miscellaneous Arguments,11
Delhi,North East,Misc. cases,Miscellaneous,1
Delhi,North East,Order,Miscellaneous Order,16
Delhi,North East,Order/Judgment,Judgement,1
Delhi,North East,Proper Order,Miscellaneous Order,6
Delhi,North East,Prosecution Evidence,Prosecution Evidence,2509
Delhi,North East,Revoked,Miscellaneous,2
Delhi,North East,Statement of Accused,Statement of Accused,710
Delhi,North West,Arguments,Miscellaneous Arguments,17
Delhi,North West,Arguments On Charge,Charge,79
Delhi,North West,Charge,Charge,1597
Delhi,North West,Defence Evidence,Defence Evidence,117
Delhi,North West,Defendant/ Respondent Evidence,Defence Evidence,2
Delhi,North West,Disposed,Judgement,285
Delhi,North West,Final Argument,Final Arguments,4
Delhi,North West,Final Arguments,Final Arguments,591
Delhi,North West,Misc./ Appearance,Miscellaneous Appearance,2073
Delhi,North West,Misc. Argument,Miscellaneous Arguments,4
Delhi,North West,Misc./ Arguments,Miscellaneous Arguments,1
Delhi,North West,Misc. cases/purpose,Miscellaneous,32
Delhi,North West,Order/ Judgement,Judgement,58
Delhi,North West,Order/Judgement,Judgement,4
Delhi,North West,Order on Application,Miscellaneous Order,6
Delhi,North West,Order On Charge,Charge,163
Delhi,North West,Order on Sentence,Sentence,37
Delhi,North West,Plaintiff/ Petitioner Evidence,Prosecution Evidence,3
Delhi,North West,Plaintiff/Petitioner Evidence,Prosecution Evidence,2
Delhi,North West,Proper. Order.,Miscellaneous Order,19
Delhi,North West,Prosecution Evidence,Prosecution Evidence,4292
Delhi,North West,Revoked,Miscellaneous,5
Delhi,North West,Statement of Accused,Statement of Accused,241
Delhi,Shahdara,Arguments,Miscellaneous Arguments,21
Delhi,Shahdara,Charge,Charge,1427
Delhi,Shahdara,Defence Evidence,Defence Evidence,70
Delhi,Shahdara,Disposed,Judgement,78
Delhi,Shahdara,Final Arguments,Final Arguments,211
Delhi,Shahdara,Judgement,Judgement,27
Delhi,Shahdara,Misc./ Appearance,Miscellaneous Appearance,954
Delhi,Shahdara,Misc. Arguments,Miscellaneous Arguments,4
Delhi,Shahdara,Misc./ Arguments,Miscellaneous Arguments,3
Delhi,Shahdara,Misc. cases,Miscellaneous,6
Delhi,Shahdara,Order,Miscellaneous Order,9
Delhi,Shahdara,Order/Argument on Sentence,Sentence,4
Delhi,Shahdara,Plaintiff/Petitioner Evidence,Prosecution Evidence,2
Delhi,Shahdara,Proper O,Miscellaneous Order,38
Delhi,Shahdara,Proper Order,Miscellaneous Order,16
Delhi,Shahdara,Prosecution Evidence,Prosecution Evidence,4733
Delhi,Shahdara,Revoked,Miscellaneous,1
Delhi,Shahdara,Statement of Accused,Statement of Accused,101
Delhi,South,AIR-Applications,Miscellaneous,360
Delhi,South,Argument On Charge,Charge,2587
Delhi,South,Arguments (Criminal),Final Arguments,70
Delhi,South,Arguments on Sentence,Sentence,31
Delhi,South,Charge,Charge,210
Delhi,South,Complainaint Evidence,Prosecution Evidence,1
Delhi,South,Defence Evidence,Defence Evidence,141
Delhi,South,Disposed,Judgement,126
Delhi,South,Final Arguments (Criminal),Final Arguments,291
Delhi,South,For Bail,Bail,792
Delhi,South,Frame of Charge,Charge,1
Delhi,South,JUDGEMENT (Criminal),Judgement,230
Delhi,South,Misc./ Appearance (Criminal),Miscellaneous Appearance,1750
Delhi,South,Misc./ Arguments,Miscellaneous Arguments,104
Delhi,South,Misc. cases,Miscellaneous,17
Delhi,South,ORDER (Criminal),Miscellaneous Order,34
Delhi,South,Order on charge,Charge,155
Delhi,South,Order on Sentence,Sentence,28
Delhi,South,Prosecution Evidence,Prosecution Evidence,9060
Delhi,South,Revoked,Miscellaneous,2
Delhi,South,Statement of Accused,Statement of Accused,413
Delhi,South East,Argument On Charge,Charge,1387
Delhi,South East,Arguments,Miscellaneous Arguments,27
Delhi,South East,Arguments on Sentence,Sentence,21
Delhi,South East,Charge,Charge,720
Delhi,South East,Defence Evidence,Defence Evidence,40
Delhi,South East,Disposed,Judgement,99
Delhi,South East,Final Argument,Final Arguments,103
Delhi,South East,For Bail,Bail,1093
Delhi,South East,Misc./ Appearance,Miscellaneous Appearance,2163
Delhi,South East,Misc./ Arguments,Miscellaneous Arguments,15
Delhi,South East,Misc. cases,Miscellaneous,152
Delhi,South East,Order,Miscellaneous Order,114
Delhi,South East,Order on charge,Charge,45
Delhi,South East,P,P,2
Delhi,South East,Prosecution Evidence,Prosecution Evidence,5105
Delhi,South East,Revoked,Miscellaneous,10
Delhi,South East,Statement of Accused,Statement of Accused,65
Delhi,South West,Arguments,Miscellaneous Arguments,101
Delhi,South West,Charge,Charge,1992
Delhi,South West,Defence Evidence,Defence Evidence,180
Delhi,South West,Defendant/Respondent Evidence,Defence Evidence,4
Delhi,South West,Disposed,Judgement,322
Delhi,South West,Final Arguments,Final Arguments,519
Delhi,South West,For Bail,Bail,10
Delhi,South West,Judgement,Judgement,58
Delhi,South West,Misc./ Appearance,Miscellaneous Appearance,3107
Delhi,South West,Misc. Arguments,Miscellaneous Arguments,22
Delhi,South West,Misc./ Arguments,Miscellaneous Arguments,2
Delhi,South West,Misc. cases/purpose,Miscellaneous,207
Delhi,South West,Order,Miscellaneous Order,179
Delhi,South West,Order on Sentence,Sentence,28
Delhi,South West,Plaintiff/Petitioner Evidence,Prosecution Evidence,3
Delhi,South West,Pre-Summning Evidence,Other Evidence,1
Delhi,South West,Proper Order,Miscellaneous Order,1
Delhi,South West,Prosecution Evidence,Prosecution Evidence,8682
Delhi,South West,Revoked,Miscellaneous,14
Delhi,South West,Statement of Accused,Statement of Accused,382
Delhi,West,Arguments,Miscellaneous Arguments,78
Delhi,West,Charge,Charge,5050
Delhi,West,Defence Evidence,Defence Evidence,375
Delhi,West,Disposed,Judgement,686
Delhi,West,Final Argument,Final Arguments,1048
Delhi,West,Final Arguments,Final Arguments,753
Delhi,West,For Bail,Bail,1514
Delhi,West,Judgement,Judgement,415
Delhi,West,Misc./ Appearance,Miscellaneous Appearance,1778
Delhi,West,Misc. Arguments,Miscellaneous Arguments,201
Delhi,West,Misc. cases/purpose,Miscellaneous,1362
Delhi,West,Order,Miscellaneous Order,24
Delhi,West,Order on Misc. Application,Miscellaneous Order,141
Delhi,West,Order on Sentence,Sentence,117
Delhi,West,Proper Order,Miscellaneous Order,18
Delhi,West,Prosecution Evidence,Prosecution Evidence,13782
Delhi,West,Revoked,Miscellaneous,28
Delhi,West,Statement of Accused,Statement of Accused,967
Haryana,Ambala,313 Cr.Pc,Statement of Accused,185
Haryana,Ambala,Appearance,Miscellaneous Appearance,405
Haryana,Ambala,Arguments,Miscellaneous Arguments,82
Haryana,Ambala,Charge,Charge,251
Haryana,Ambala,Consideration,Miscellaneous,96
Haryana,Ambala,Defence Evidence,Defence Evidence,786
Haryana,Ambala,Disposed,Judgement,178
Haryana,Ambala,Evidence,Other Evidence,1
Haryana,Ambala,FINAL ORDER,Judgement,119
Haryana,Ambala,Further Order,Miscellaneous Order,14
Haryana,Ambala,Plaintiff Evidence,Prosecution Evidence,1
Haryana,Ambala,Prosecution Evidence,Prosecution Evidence,2841
Haryana,Ambala,Reply,Miscellaneous,29
Haryana,Ambala,Revoked,Miscellaneous,3
Haryana,Bhiwani,313 Cr.Pc,Statement of Accused,10
Haryana,Bhiwani,Appearance,Miscellaneous Appearance,46
Haryana,Bhiwani,Arguments,Miscellaneous Arguments,15
Haryana,Bhiwani,Charge,Charge,15
Haryana,Bhiwani,Defence Evidence,Defence Evidence,31
Haryana,Bhiwani,Disposed,Judgement,5
Haryana,Bhiwani,HEARING OF SENTENCE,Sentence,1
Haryana,Bhiwani,Orders,Miscellaneous Order,1
Haryana,Bhiwani,Prosecution Evidence,Prosecution Evidence,122
Haryana,Bhiwani,Reply,Miscellaneous,3
Haryana,Faridabad,313 Cr.Pc,Statement of Accused,471
Haryana,Faridabad,Appearance,Miscellaneous Appearance,1853
Haryana,Faridabad,Arguments,Miscellaneous Arguments,255
Haryana,Faridabad,Charge,Charge,740
Haryana,Faridabad,CONSIDERATION,Miscellaneous,94
Haryana,Faridabad,Defence Evidence,Defence Evidence,1536
Haryana,Faridabad,Defendant Evidence,Defence Evidence,14
Haryana,Faridabad,Disposed,Judgement,508
Haryana,Faridabad,Evidence,Other Evidence,4857
Haryana,Faridabad,FINAL ORDER,Judgement,166
Haryana,Faridabad,Further Order,Miscellaneous Order,5
Haryana,Faridabad,Plantiff Evidence,Prosecution Evidence,4
Haryana,Faridabad,Prosecution Evidence,Prosecution Evidence,3184
Haryana,Faridabad,QUANTUM OF SENTENCE,Sentence,138
Haryana,Faridabad,Reply,Miscellaneous,50
Haryana,Faridabad,Revoked,Miscellaneous,10
Haryana,Fatehabad,313 Cr.Pc,Statement of Accused,199
Haryana,Fatehabad,Appearance,Miscellaneous Appearance,437
Haryana,Fatehabad,Arguments,Miscellaneous Arguments,27
Haryana,Fatehabad,Charge,Charge,278
Haryana,Fatehabad,CONSIDERATION,Miscellaneous,24
Haryana,Fatehabad,Defence Evidence,Defence Evidence,709
Haryana,Fatehabad,Defendant Evidence,Defence Evidence,1
Haryana,Fatehabad,Disposed,Judgement,192
Haryana,Fatehabad,Evidence,Other Evidence,4
Haryana,Fatehabad,Final Hearing,Final Arguments,14
Haryana,Fatehabad,FINAL ORDER,Judgement,32
Haryana,Fatehabad,Further Order,Miscellaneous Order,27
Haryana,Fatehabad,hearing,Miscellaneous,3
Haryana,Fatehabad,Judgements,Judgement,2
Haryana,Fatehabad,Plaintiff Evidence,Prosecution Evidence,3
Haryana,Fatehabad,Prosecution Evidence,Prosecution Evidence,1804
Haryana,Fatehabad,Reply,Miscellaneous,25
Haryana,Fatehabad,Revoked,Miscellaneous,4
Haryana,Gurugram,313 Cr.Pc,Statement of Accused,201
Haryana,Gurugram,Appearance,Miscellaneous Appearance,391
Haryana,Gurugram,Arguments,Miscellaneous Arguments,78
Haryana,Gurugram,AWAITING ORDER,Miscellaneous,11
Haryana,Gurugram,Awaiting Report,Miscellaneous,19
Haryana,Gurugram,Charge,Charge,457
Haryana,Gurugram,CONSIDERATION,Miscellaneous,12
Haryana,Gurugram,Defence Evidence,Defence Evidence,736
Haryana,Gurugram,Defendant Evidence,Defence Evidence,9
Haryana,Gurugram,Disposed,Judgement,280
Haryana,Gurugram,Evidence,Other Evidence,91
Haryana,Gurugram,Final Hearing,Final Arguments,1
Haryana,Gurugram,NOTICE,Miscellaneous,6
Haryana,Gurugram,Order,Miscellaneous Order,128
Haryana,Gurugram,Petitioner Evidence,Prosecution Evidence,6
Haryana,Gurugram,PRESENCE,Miscellaneous Appearance,1
Haryana,Gurugram,Procecution Evidence,Prosecution Evidence,3798
Haryana,Gurugram,Reply,Miscellaneous,36
Haryana,Gurugram,Respondent Evidence,Defence Evidence,5
Haryana,Gurugram,Revoked,Miscellaneous,13
Haryana,Gurugram,WARRANT,Miscellaneous,109
Haryana,Hisar,313 Cr.Pc,Statement of Accused,151
Haryana,Hisar,Appearance,Miscellaneous Appearance,247
Haryana,Hisar,Arguments,Miscellaneous Arguments,31
Haryana,Hisar,Charge,Charge,393
Haryana,Hisar,Consideration,Miscellaneous,18
Haryana,Hisar,Defence Evidence,Defence Evidence,335
Haryana,Hisar,Defendant Evidence,Defence Evidence,1
Haryana,Hisar,Disposed,Judgement,195
Haryana,Hisar,Evidence,Other Evidence,42
Haryana,Hisar,Final Order,Judgement,51
Haryana,Hisar,Further Order,Miscellaneous Order,1
Haryana,Hisar,Notice,Miscellaneous,5
Haryana,Hisar,Preliminary Evidence,Other Evidence,12
Haryana,Hisar,Prosecution Evidence,Prosecution Evidence,1676
Haryana,Hisar,Reply,Miscellaneous,29
Haryana,Jhajjar,313 Cr.Pc,Statement of Accused,243
Haryana,Jhajjar,Appearance,Miscellaneous Appearance,321
Haryana,Jhajjar,Arguments,Miscellaneous Arguments,90
Haryana,Jhajjar,Awaiting  report,Miscellaneous,18
Haryana,Jhajjar,Bail Application,Bail,1
Haryana,Jhajjar,Charge,Charge,354
Haryana,Jhajjar,CONSIDERATION,Miscellaneous,75
Haryana,Jhajjar,Defence Evidence,Defence Evidence,908
Haryana,Jhajjar,Defendant Evidence,Defence Evidence,30
Haryana,Jhajjar,Disposed,Judgement,239
Haryana,Jhajjar,DWs/RWs,Defence Evidence,41
Haryana,Jhajjar,Evidence,Other Evidence,58
Haryana,Jhajjar,Final Hearing,Final Arguments,1
Haryana,Jhajjar,Further Order,Miscellaneous Order,4
Haryana,Jhajjar,Issues,Charge,2
Haryana,Jhajjar,Judgements,Judgement,24
Haryana,Jhajjar,Misc. Argument,Miscellaneous Arguments,2
Haryana,Jhajjar,Notice,Miscellaneous,13
Haryana,Jhajjar,Plantiff Evidence,Prosecution Evidence,14
Haryana,Jhajjar,Prosecution Evidence,Prosecution Evidence,2782
Haryana,Jhajjar,Pws,Prosecution Evidence,590
Haryana,Jhajjar,Reply,Miscellaneous,58
Haryana,Jhajjar,Revoked,Miscellaneous,9
Haryana,Jind,313 Cr.Pc,Statement of Accused,180
Haryana,Jind,Appereance,Miscellaneous Appearance,194
Haryana,Jind,Arguments,Miscellaneous Arguments,66
Haryana,Jind,Charge,Charge,264
Haryana,Jind,Consideration,Miscellaneous,3
Haryana,Jind,Defence Evidence,Defence Evidence,456
Haryana,Jind,Dismissed under 35-B,Miscellaneous,8
Haryana,Jind,Disposed,Judgement,130
Haryana,Jind,Evidence,Other Evidence,22
Haryana,Jind,FINAL ORDER,Judgement,60
Haryana,Jind,Further Order,Miscellaneous Order,3
Haryana,Jind,Judgements,Judgement,1
Haryana,Jind,Procecution Evidence,Prosecution Evidence,2257
Haryana,Jind,Reply,Miscellaneous,42
Haryana,Kaithal,313 Cr.Pc,Statement of Accused,86
Haryana,Kaithal,Appereance,Miscellaneous Appearance,327
Haryana,Kaithal,Arguments,Miscellaneous Arguments,88
Haryana,Kaithal,Charge,Charge,152
Haryana,Kaithal,Consideration,Miscellaneous,9
Haryana,Kaithal,Defence Evidence,Defence Evidence,289
Haryana,Kaithal,Defendant Evidence,Defence Evidence,3
Haryana,Kaithal,Disposed,Judgement,129
Haryana,Kaithal,Final Order,Judgement,61
Haryana,Kaithal,Further Order,Miscellaneous Order,17
Haryana,Kaithal,Procecution Evidence,Prosecution Evidence,1396
Haryana,Kaithal,Reply,Miscellaneous,20
Haryana,Kaithal,Revoked,Miscellaneous,3
Haryana,Kaithal,Written Statement,Miscellaneous,1
Haryana,Kurukshetra,313 Cr.Pc,Statement of Accused,86
Haryana,Kurukshetra,Appearance,Miscellaneous Appearance,356
Haryana,Kurukshetra,Arguments,Miscellaneous Arguments,95
Haryana,Kurukshetra,Charge,Charge,148
Haryana,Kurukshetra,CONSIDERATION,Miscellaneous,1
Haryana,Kurukshetra,Defence Evidence,Defence Evidence,480
Haryana,Kurukshetra,Disposed,Judgement,111
Haryana,Kurukshetra,FINAL ORDER,Judgement,46
Haryana,Kurukshetra,Further Order,Miscellaneous Order,7
Haryana,Kurukshetra,Judgements,Judgement,8
Haryana,Kurukshetra,Prosecution Evidence,Prosecution Evidence,1426
Haryana,Kurukshetra,REPLY,Miscellaneous,35
Haryana,Kurukshetra,Revoked,Miscellaneous,4
Haryana,Palwal,313 Cr.Pc,Statement of Accused,88
Haryana,Palwal,Appearance,Miscellaneous Appearance,442
Haryana,Palwal,Arguments,Miscellaneous Arguments,80
Haryana,Palwal,Charge,Charge,243
Haryana,Palwal,Defence Evidence,Defence Evidence,388
Haryana,Palwal,Defendant Evidence,Defence Evidence,2
Haryana,Palwal,Disposed,Judgement,75
Haryana,Palwal,Evidence,Other Evidence,2
Haryana,Palwal,Final Order,Judgement,7
Haryana,Palwal,Further Order,Miscellaneous Order,2
Haryana,Palwal,Notice,Miscellaneous,1
Haryana,Palwal,Prosecution Evidence,Prosecution Evidence,1191
Haryana,Palwal,Reply,Miscellaneous,9
Haryana,Palwal,Respondent Evidence,Defence Evidence,2
Haryana,Palwal,Revoked,Miscellaneous,3
Haryana,Panchkula,APPEARANCE,Miscellaneous Appearance,284
Haryana,Panchkula,ARGUMENTS,Miscellaneous Arguments,53
Haryana,Panchkula,ARGUMENTS PART HEARD,Miscellaneous Arguments,4
Haryana,Panchkula,AWAITING CHALLAN,Miscellaneous,18
Haryana,Panchkula,AWAITING FURTHER ORDERS,Miscellaneous,27
Haryana,Panchkula,CONSIDERATION,Miscellaneous,33
Haryana,Panchkula,CONSIDERATION ON CHARGE,Charge,216
Haryana,Panchkula,DEFENCE EVIDENCE,Defence Evidence,134
Haryana,Panchkula,DEFENDANTS EVIDENCE,Defence Evidence,34
Haryana,Panchkula,Disposed,Judgement,60
Haryana,Panchkula,FILING OF WRITTEN REPLY,Miscellaneous,43
Haryana,Panchkula,FINAL ARGUMENTS,Final Arguments,4
Haryana,Panchkula,FINAL ORDER,Judgement,2
Haryana,Panchkula,HEARING ON QUESTION OF SENTENCE,Sentence,22
Haryana,Panchkula,JUDICIAL REMAND(TO BE PRODUCED IN THE COURT ON NEXT DATE),Miscellaneous Appearance,1
Haryana,Panchkula,NON BAILABLE WARRANT OF ACCUSED,Miscellaneous Appearance,6
Haryana,Panchkula,NOTICE TO RESPONDENT,Miscellaneous,3
Haryana,Panchkula,ORDER,Miscellaneous Order,75
Haryana,Panchkula,PETITIONERS EVIDENCE,Prosecution Evidence,24
Haryana,Panchkula,PRODUCTION WARRANT,Miscellaneous Appearance,2
Haryana,Panchkula,PROSECUTION EVIDENCE,Prosecution Evidence,1446
Haryana,Panchkula,PROSECUTION EVIDENCE U/S 299 CR.P.C.,Prosecution Evidence,1
Haryana,Panchkula,REPLY TO OBJECTIONS,Miscellaneous,14
Haryana,Panchkula,Revoked,Miscellaneous,2
Haryana,Panchkula,SCRUTINY,Miscellaneous,7
Haryana,Panchkula,STATEMENT OF ACCUSED U/S 313 CR.P.C.,Statement of Accused,99
Haryana,Panchkula,SUMMONING OF ACCUSED,Miscellaneous Appearance,3
Haryana,Panipat,313 Cr.Pc,Statement of Accused,162
Haryana,Panipat,Appereance,Miscellaneous Appearance,256
Haryana,Panipat,Arguments,Miscellaneous Arguments,106
Haryana,Panipat,Charge,Charge,269
Haryana,Panipat,CONSIDERATION,Miscellaneous,7
Haryana,Panipat,Defence Evidence,Defence Evidence,529
Haryana,Panipat,Defendant Evidence,Defence Evidence,2
Haryana,Panipat,Disposed,Judgement,137
Haryana,Panipat,Evidence,Other Evidence,7
Haryana,Panipat,FINAL ORDER,Judgement,45
Haryana,Panipat,Further Order,Miscellaneous Order,3
Haryana,Panipat,Judgements,Judgement,27
Haryana,Panipat,Petitioner Evidence,Prosecution Evidence,1
Haryana,Panipat,Procecution Evidence,Prosecution Evidence,1951
Haryana,Panipat,Reply,Miscellaneous,38
Haryana,Panipat,Revoked,Miscellaneous,4
Haryana,Rewari,313 Cr.Pc,Statement of Accused,82
Haryana,Rewari,Appearance,Miscellaneous Appearance,193
Haryana,Rewari,Arguments,Miscellaneous Arguments,48
Haryana,Rewari,ARREST WARRANT,Miscellaneous,17
Haryana,Rewari,Charge,Charge,131
Haryana,Rewari,Consideration,Miscellaneous,6
Haryana,Rewari,Defence Evidence,Defence Evidence,133
Haryana,Rewari,Defence Evidence and Argument,Defence Evidence,224
Haryana,Rewari,Disposed,Judgement,129
Haryana,Rewari,Evidence,Other Evidence,1
Haryana,Rewari,Further Order,Miscellaneous Order,2
Haryana,Rewari,Judgements,Judgement,17
Haryana,Rewari,NOTICE,Miscellaneous,11
Haryana,Rewari,Order,Miscellaneous Order,42
Haryana,Rewari,Petitioner Evidence,Prosecution Evidence,9
Haryana,Rewari,Prosecution Evidence,Prosecution Evidence,1367
Haryana,Rewari,Revoked,Miscellaneous,9
Haryana,Rewari,Written Statement/ Reply,Miscellaneous,14
Haryana,Rohtak,313 Cr.Pc,Statement of Accused,160
Haryana,Rohtak,Appearance,Miscellaneous Appearance,281
Haryana,Rohtak,Arguments,Miscellaneous Arguments,33
Haryana,Rohtak,Charge,Charge,443
Haryana,Rohtak,Consideration,Miscellaneous,44
Haryana,Rohtak,Defence Evidence,Defence Evidence,433
Haryana,Rohtak,Defendant Evidence,Defence Evidence,4
Haryana,Rohtak,Disposed,Judgement,174
Haryana,Rohtak,Evidence,Other Evidence,16
Haryana,Rohtak,Final Hearing,Final Arguments,1
Haryana,Rohtak,FINAL ORDER,Judgement,112
Haryana,Rohtak,Further Order,Miscellaneous Order,27
Haryana,Rohtak,Prosecution Evidence,Prosecution Evidence,1510
Haryana,Rohtak,Reply,Miscellaneous,30
Haryana,Rohtak,Revoked,Miscellaneous,1
Haryana,Rohtak,STATEMENT OF PARTIES,Other Evidence,4
Haryana,Sirsa,313 Cr.Pc,Statement of Accused,172
Haryana,Sirsa,Appearance,Miscellaneous Appearance,235
Haryana,Sirsa,Arguments,Miscellaneous Arguments,105
Haryana,Sirsa,Charge,Charge,337
Haryana,Sirsa,Defence Evidence,Defence Evidence,679
Haryana,Sirsa,Defendant Evidence,Defence Evidence,5
Haryana,Sirsa,Disposed,Judgement,198
Haryana,Sirsa,Final Hearing,Final Arguments,2
Haryana,Sirsa,FINAL ORDER,Judgement,93
Haryana,Sirsa,Further Order,Miscellaneous Order,1
Haryana,Sirsa,Plantiff Evidence,Prosecution Evidence,3
Haryana,Sirsa,Prosecution Evidence,Prosecution Evidence,2362
Haryana,Sirsa,REPLY,Miscellaneous,4
Haryana,Sirsa,Revoked,Miscellaneous,2
Haryana,Sonepat,313 Cr.Pc,Statement of Accused,284
Haryana,Sonepat,Appearance,Miscellaneous Appearance,418
Haryana,Sonepat,Arguments,Miscellaneous Arguments,127
Haryana,Sonepat,Arguments on Quantum,Sentence,50
Haryana,Sonepat,Charge,Charge,448
Haryana,Sonepat,Consideration,Miscellaneous,33
Haryana,Sonepat,Defence Evidence,Defence Evidence,1163
Haryana,Sonepat,Defendant Evidence,Defence Evidence,2
Haryana,Sonepat,Disposed,Judgement,269
Haryana,Sonepat,Evidence,Other Evidence,15
Haryana,Sonepat,Final Hearing,Final Arguments,34
Haryana,Sonepat,Further Order,Miscellaneous Order,9
Haryana,Sonepat,Judgements,Judgement,36
Haryana,Sonepat,Order,Miscellaneous Order,13
Haryana,Sonepat,Plaintiff Evidence,Prosecution Evidence,5
Haryana,Sonepat,Prosecution Evidence,Prosecution Evidence,3414
Haryana,Sonepat,Reply,Miscellaneous,49
Haryana,Sonepat,Respondent Evidence,Defence Evidence,2
Haryana,Sonepat,Revoked,Miscellaneous,2
Haryana,Yamunanagar,313 Cr.Pc,Statement of Accused,87
Haryana,Yamunanagar,Appereance,Miscellaneous Appearance,81
Haryana,Yamunanagar,Arguments,Miscellaneous Arguments,76
Haryana,Yamunanagar,Charge,Charge,97
Haryana,Yamunanagar,CONSIDERATION,Miscellaneous,1
Haryana,Yamunanagar,Defence Evidence,Defence Evidence,593
Haryana,Yamunanagar,Disposed,Judgement,86
Haryana,Yamunanagar,Final Hearing,Final Arguments,2
Haryana,Yamunanagar,FINAL ORDER,Judgement,19
Haryana,Yamunanagar,Further Order,Miscellaneous Order,6
Haryana,Yamunanagar,Procecution Evidence,Prosecution Evidence,697
Haryana,Yamunanagar,REPLY,Miscellaneous,2
Haryana,Yamunanagar,Revoked,Miscellaneous,1
